Wind speed (knots) 	Wave (m) 	Wave period (s) 	Temperature (Â°C)
02h 	05h 	08h 	11h 	14h 	17h 	20h 	23h 	02h 	05h 	08h 	11h 	14h 	17h 	20h 	23h 	02h 	05h 	08h 	11h 	14h 	17h 	20h 	23h 	02h 	05h 	08h 	11h 	14h 	17h 	20h 	23h
01.01.2020 	12 	9 	7 	7 	6 	7 	7 	5 	2.9 	2.7 	2.6 	2.5 	2.4 	2.4 	2.3 	2.2 	16 	16 	15 	15 	15 	15 	14 	14 	20 	20 	21 	23 	23 	22 	22 	21
02.01.2020 	3 	5 	2 	4 	4 	8 	9 	13 	2.2 	2.1 	2.1 	2 	2 	1.9 	1.9 	2 	14 	14 	14 	13 	13 	13 	13 	12 	21 	21 	21 	23 	23 	22 	21 	21
03.01.2020 	14 	16 	18 	17 	16 	15 	16 	17 	2.2 	2.4 	2.5 	2.6 	2.5 	2.4 	2.5 	2.5 	12 	10 	9 	9 	10 	10 	11 	9 	21 	21 	21 	22 	23 	22 	22 	22
04.01.2020 	15 	15 	17 	18 	17 	17 	17 	16 	2.5 	2.5 	2.6 	2.7 	2.6 	2.6 	2.6 	2.5 	9 	9 	9 	9 	9 	9 	9 	9 	22 	21 	22 	23 	23 	22 	22 	22
05.01.2020 	15 	15 	17 	17 	17 	18 	20 	19 	2.4 	2.4 	2.3 	2.3 	2.4 	2.4 	2.5 	2.6 	9 	9 	9 	9 	9 	9 	9 	9 	21 	21 	21 	23 	23 	22 	22 	21
06.01.2020 	19 	19 	20 	19 	18 	17 	17 	18 	2.6 	2.6 	2.6 	2.7 	2.6 	2.5 	2.5 	2.5 	9 	9 	9 	9 	9 	9 	9 	9 	21 	21 	22 	23 	23 	23 	21 	21
07.01.2020 	18 	22 	20 	23 	23 	23 	23 	22 	2.6 	2.7 	2.7 	2.8 	3.1 	3.1 	3.2 	3.2 	9 	9 	10 	10 	10 	10 	10 	10 	21 	21 	21 	22 	23 	22 	21 	21
08.01.2020 	21 	23 	21 	19 	18 	19 	19 	20 	3.2 	3.2 	3.2 	3.2 	3.2 	3.1 	3.1 	3.1 	10 	10 	10 	10 	10 	10 	10 	10 	21 	21 	21 	22 	23 	22 	21 	21
09.01.2020 	19 	21 	21 	22 	21 	20 	21 	20 	3.1 	3.3 	3.3 	3.5 	3.5 	3.5 	3.6 	3.6 	10 	10 	10 	10 	11 	11 	11 	11 	21 	21 	21 	22 	22 	21 	21 	21
10.01.2020 	19 	19 	20 	21 	21 	20 	21 	20 	3.5 	3.4 	3.4 	3.5 	3.5 	3.5 	3.5 	3.6 	11 	11 	11 	11 	11 	11 	11 	10 	21 	21 	21 	22 	22 	22 	22 	22
11.01.2020 	19 	19 	19 	17 	18 	19 	21 	20 	3.6 	3.6 	3.7 	3.5 	3.5 	3.4 	3.5 	3.5 	10 	10 	10 	10 	10 	10 	10 	10 	21 	21 	21 	23 	23 	22 	22 	22
12.01.2020 	21 	21 	20 	19 	19 	17 	18 	16 	3.6 	3.5 	3.6 	3.4 	3.4 	3.2 	3.2 	3.1 	10 	10 	10 	10 	10 	10 	10 	10 	22 	22 	22 	22 	23 	22 	22 	22
13.01.2020 	22 	21 	22 	21 	17 	17 	19 	18 	3.4 	3.5 	3.6 	3.5 	3.3 	3.1 	3.1 	3.1 	10 	10 	10 	10 	10 	10 	10 	10 	22 	22 	22 	23 	22 	22 	22 	22
14.01.2020 	19 	19 	20 	20 	21 	20 	20 	21 	3.1 	3.1 	3.1 	3.2 	3.3 	3.1 	3.1 	3.2 	10 	10 	10 	10 	10 	10 	10 	10 	21 	21 	22 	22 	23 	22 	22 	21
15.01.2020 	18 	16 	19 	18 	17 	15 	14 	15 	3.2 	3 	3 	2.9 	2.9 	2.7 	2.5 	2.5 	10 	10 	10 	10 	10 	10 	10 	10 	21 	21 	21 	22 	22 	22 	21 	21
16.01.2020 	13 	12 	11 	9 	11 	10 	5 	4 	2.4 	2.3 	2.1 	2 	1.9 	1.8 	1.7 	1.6 	10 	10 	10 	10 	10 	10 	10 	10 	21 	21 	21 	23 	22 	22 	22 	22
17.01.2020 	3 	2 	4 	11 	9 	12 	14 	13 	1.5 	1.5 	1.4 	1.4 	1.4 	1.5 	2 	2.5 	9 	9 	9 	9 	9 	9 	11 	11 	21 	21 	22 	23 	22 	21 	21 	20
18.01.2020 	12 	13 	13 	13 	13 	15 	14 	15 	2.6 	2.6 	2.5 	2.4 	2.3 	2.3 	2.3 	2.3 	11 	11 	11 	10 	10 	10 	10 	10 	20 	20 	20 	21 	22 	21 	20 	20
19.01.2020 	14 	14 	13 	13 	12 	13 	15 	15 	2.2 	2.2 	2.1 	2.1 	2.2 	2.4 	2.6 	2.7 	11 	11 	11 	15 	16 	16 	15 	15 	20 	19 	20 	22 	22 	21 	21 	21
20.01.2020 	13 	14 	14 	14 	14 	14 	14 	13 	2.7 	2.6 	2.6 	2.5 	2.4 	2.4 	2.3 	2.1 	15 	15 	14 	14 	13 	13 	13 	12 	21 	21 	21 	22 	22 	22 	21 	20
21.01.2020 	11 	10 	9 	9 	11 	10 	8 	7 	2 	1.9 	1.8 	1.8 	1.7 	1.7 	1.6 	1.5 	12 	12 	12 	11 	11 	11 	11 	11 	20 	20 	20 	22 	22 	21 	21 	21
22.01.2020 	3 	6 	7 	9 	10 	7 	2 	2 	1.4 	1.4 	1.5 	1.7 	1.9 	2.2 	2.6 	3 	11 	11 	20 	19 	18 	19 	18 	18 	20 	19 	20 	22 	22 	22 	21 	20
23.01.2020 	3 	6 	6 	3 	2 	1 	2 	2 	3.1 	3.1 	3 	2.7 	2.5 	2.3 	2.2 	2.1 	17 	16 	16 	16 	15 	15 	15 	14 	20 	19 	20 	23 	23 	22 	21 	21
24.01.2020 	3 	2 	3 	2 	3 	4 	6 	8 	2 	1.8 	1.8 	1.7 	1.7 	1.9 	2 	2 	14 	14 	13 	13 	13 	13 	13 	12 	21 	21 	21 	23 	23 	23 	21 	20
25.01.2020 	7 	8 	9 	10 	11 	11 	10 	10 	2 	2.2 	2.4 	2.6 	2.7 	2.8 	2.8 	2.7 	12 	12 	18 	18 	18 	17 	17 	17 	20 	20 	21 	23 	23 	23 	21 	21
26.01.2020 	10 	12 	11 	12 	11 	11 	10 	10 	2.7 	2.6 	2.5 	2.4 	2.4 	2.3 	2.2 	2.2 	16 	16 	16 	16 	16 	15 	15 	15 	21 	20 	21 	23 	23 	22 	21 	21
27.01.2020 	10 	12 	12 	12 	14 	13 	11 	11 	2.1 	2.1 	2 	2 	2.2 	2.2 	2.1 	2 	14 	14 	14 	14 	13 	13 	13 	13 	20 	20 	21 	23 	23 	22 	21 	21
28.01.2020 	9 	8 	7 	8 	12 	13 	14 	10 	2 	2 	1.9 	1.8 	1.9 	2 	2 	2 	13 	13 	13 	13 	13 	13 	13 	13 	21 	20 	21 	23 	23 	22 	22 	21
29.01.2020 	10 	9 	6 	9 	11 	8 	9 	7 	2 	2.1 	2.2 	2.2 	2.3 	2.3 	2.2 	2.2 	13 	15 	14 	14 	14 	14 	14 	14 	21 	21 	21 	23 	23 	22 	22 	22
30.01.2020 	5 	6 	6 	9 	11 	10 	11 	11 	2.2 	2.1 	2.1 	2.1 	2.1 	2.1 	2.1 	2.2 	14 	14 	14 	14 	14 	14 	13 	13 	21 	21 	21 	23 	22 	22 	21 	21
31.01.2020 	10 	10 	11 	11 	14 	14 	15 	14 	2.2 	2.2 	2.3 	2.4 	2.6 	2.7 	2.7 	2.6 	13 	13 	13 	13 	13 	13 	12 	12 	21 	21 	21 	23 	22 	22 	22 	21
01.02.2020 	13 	12 	11 	11 	14 	11 	9 	10 	2.5 	2.4 	2.4 	2.4 	2.4 	2.4 	2.4 	2.3 	12 	12 	12 	12 	13 	13 	12 	12 	21 	21 	21 	23 	23 	22 	20 	20
02.02.2020 	8 	8 	7 	12 	15 	15 	12 	13 	2.3 	2.2 	2.1 	2.1 	2.2 	2.3 	2.3 	2.2 	12 	12 	11 	11 	11 	10 	10 	10 	20 	20 	20 	23 	23 	22 	21 	21
03.02.2020 	13 	12 	13 	12 	15 	15 	11 	7 	2.1 	2 	2 	2 	2.1 	2.1 	1.9 	1.8 	10 	10 	10 	10 	10 	10 	10 	10 	21 	20 	21 	23 	23 	22 	21 	21
04.02.2020 	8 	9 	9 	8 	10 	9 	8 	8 	1.8 	1.8 	1.8 	1.7 	1.7 	1.7 	1.6 	1.6 	9 	9 	9 	9 	9 	9 	9 	9 	20 	20 	21 	23 	22 	22 	21 	21
05.02.2020 	7 	4 	3 	2 	2 	3 	4 	1 	1.6 	1.6 	1.7 	1.8 	1.8 	1.9 	2 	2 	9 	10 	14 	13 	13 	13 	14 	14 	20 	20 	21 	23 	23 	22 	22 	21
06.02.2020 	3 	6 	8 	9 	7 	10 	10 	6 	2 	2 	2 	2.1 	2.1 	2.2 	2.3 	2.4 	14 	14 	13 	13 	13 	13 	10 	9 	20 	20 	20 	20 	18 	19 	18 	18
07.02.2020 	8 	4 	9 	8 	9 	8 	6 	4 	2.4 	2.3 	2.4 	2.3 	2.3 	2.3 	2.4 	2.6 	10 	10 	10 	11 	10 	10 	19 	18 	18 	17 	18 	19 	20 	20 	18 	18
08.02.2020 	5 	5 	7 	10 	9 	9 	6 	7 	2.7 	2.8 	2.8 	2.8 	2.7 	2.6 	2.5 	2.4 	18 	17 	16 	16 	15 	15 	15 	14 	18 	18 	18 	20 	20 	19 	19 	19
09.02.2020 	5 	4 	6 	10 	10 	10 	15 	14 	2.3 	2.2 	2.1 	2.1 	2.1 	2.1 	2.1 	2.2 	14 	14 	13 	13 	13 	12 	12 	11 	19 	18 	19 	20 	21 	21 	19 	19
10.02.2020 	14 	14 	14 	15 	17 	15 	10 	8 	2.4 	2.8 	3.1 	3.2 	3.5 	3.7 	3.6 	3.5 	10 	10 	10 	10 	12 	12 	12 	13 	18 	17 	18 	18 	19 	19 	18 	18
11.02.2020 	8 	6 	7 	7 	7 	6 	4 	2 	3.3 	3.2 	3 	2.9 	2.8 	2.6 	2.4 	2.3 	13 	13 	15 	15 	15 	15 	14 	14 	18 	18 	19 	20 	21 	20 	19 	19
12.02.2020 	3 	8 	10 	12 	9 	9 	12 	14 	2.1 	1.9 	1.9 	1.9 	2 	2.3 	2.7 	2.9 	14 	12 	12 	12 	12 	11 	11 	11 	19 	19 	20 	23 	23 	23 	21 	21
13.02.2020 	14 	6 	10 	12 	15 	16 	17 	19 	2.9 	2.6 	2.5 	2.4 	2.4 	2.4 	2.4 	2.5 	11 	10 	10 	10 	10 	10 	10 	9 	21 	21 	22 	23 	24 	24 	23 	22
14.02.2020 	18 	16 	18 	15 	17 	16 	16 	13 	2.5 	2.5 	2.4 	2.3 	2.3 	2.3 	2.2 	2.1 	9 	9 	9 	9 	9 	9 	9 	9 	22 	21 	22 	23 	24 	23 	21 	21
15.02.2020 	13 	15 	15 	15 	16 	17 	15 	15 	2.1 	2.1 	2.3 	2.3 	2.5 	2.6 	2.4 	2.4 	9 	9 	9 	9 	10 	13 	13 	13 	21 	21 	21 	22 	23 	22 	21 	20
16.02.2020 	15 	18 	18 	16 	14 	14 	15 	15 	2.3 	2.4 	2.4 	2.4 	2.3 	2.2 	2.2 	2.1 	15 	15 	14 	14 	14 	14 	13 	14 	20 	20 	21 	22 	22 	21 	21 	20
17.02.2020 	16 	16 	16 	15 	14 	16 	17 	17 	2.1 	2.1 	2.1 	2 	2 	2 	2 	2 	14 	13 	13 	13 	13 	12 	9 	9 	20 	20 	20 	22 	22 	22 	20 	20
18.02.2020 	17 	17 	18 	18 	16 	16 	18 	18 	2.1 	2.1 	2.2 	2.2 	2.1 	2.1 	2.2 	2.3 	9 	9 	9 	9 	9 	8 	8 	8 	20 	20 	21 	22 	22 	22 	21 	21
19.02.2020 	20 	19 	20 	18 	19 	20 	20 	22 	2.5 	2.4 	2.5 	2.6 	2.6 	2.6 	2.7 	2.9 	8 	8 	8 	8 	8 	8 	8 	8 	21 	21 	21 	22 	22 	22 	21 	21
20.02.2020 	21 	20 	20 	19 	16 	18 	18 	17 	3 	2.8 	2.7 	2.7 	2.6 	2.5 	2.5 	2.4 	8 	9 	9 	9 	9 	9 	9 	9 	20 	19 	20 	22 	22 	21 	20 	20
21.02.2020 	17 	18 	19 	16 	16 	15 	14 	15 	2.4 	2.3 	2.4 	2.4 	2.4 	2.3 	2.2 	2.2 	9 	9 	9 	9 	9 	9 	9 	9 	20 	20 	20 	22 	23 	22 	21 	20
22.02.2020 	14 	13 	14 	13 	13 	15 	12 	12 	2.1 	2.1 	2.1 	2.2 	2.2 	2.2 	2 	2 	9 	9 	15 	15 	15 	14 	14 	14 	20 	20 	20 	22 	23 	22 	21 	21
23.02.2020 	10 	6 	4 	3 	4 	5 	5 	1 	1.9 	1.9 	1.8 	1.8 	1.8 	1.7 	1.6 	1.6 	13 	13 	13 	13 	13 	12 	12 	12 	20 	20 	21 	23 	23 	22 	21 	21
24.02.2020 	1 	4 	5 	8 	10 	10 	10 	12 	1.5 	1.5 	1.5 	1.5 	1.5 	1.5 	1.5 	1.5 	10 	9 	9 	9 	10 	10 	10 	10 	20 	20 	21 	23 	23 	22 	21 	21
25.02.2020 	13 	13 	15 	14 	16 	15 	16 	16 	1.8 	2 	2.1 	2.2 	2.4 	2.6 	2.6 	2.7 	11 	11 	11 	11 	17 	17 	16 	15 	20 	20 	21 	22 	23 	22 	21 	21
26.02.2020 	17 	18 	17 	17 	17 	16 	16 	17 	2.7 	2.7 	2.6 	2.5 	2.4 	2.3 	2.2 	2.2 	15 	15 	14 	13 	13 	13 	13 	12 	20 	20 	20 	22 	22 	21 	20 	20
27.02.2020 	18 	18 	17 	17 	15 	15 	18 	17 	2.2 	2.3 	2.3 	2.3 	2.3 	2.4 	2.5 	2.5 	12 	12 	9 	9 	16 	16 	16 	16 	20 	20 	20 	21 	21 	21 	20 	19
28.02.2020 	17 	17 	19 	18 	17 	17 	18 	18 	2.6 	2.6 	2.7 	2.7 	2.7 	2.6 	2.6 	2.7 	15 	15 	15 	15 	14 	14 	14 	14 	19 	19 	19 	21 	21 	20 	19 	19
29.02.2020 	17 	18 	18 	20 	21 	20 	19 	18 	2.6 	2.6 	2.6 	2.7 	2.8 	2.9 	3 	2.9 	14 	14 	14 	9 	9 	9 	9 	9 	19 	19 	19 	20 	21 	20 	19 	20
01.03.2020 	18 	18 	18 	19 	20 	21 	19 	17 	3 	3 	3 	3.2 	3.3 	3.5 	3.6 	3.4 	9 	10 	10 	10 	10 	10 	11 	11 	19 	19 	20 	21 	21 	20 	20 	19
02.03.2020 	14 	13 	13 	13 	12 	12 	11 	12 	3.3 	3.2 	3.2 	3.1 	3.1 	3 	2.8 	2.8 	11 	11 	11 	11 	11 	11 	11 	11 	20 	19 	20 	22 	22 	22 	21 	21
03.03.2020 	11 	13 	12 	15 	16 	16 	16 	16 	2.7 	2.7 	2.7 	2.8 	2.8 	2.8 	2.7 	2.6 	10 	10 	10 	10 	10 	10 	11 	10 	20 	21 	21 	23 	23 	23 	22 	22
04.03.2020 	17 	11 	13 	14 	16 	16 	16 	14 	2.5 	2.7 	2.6 	2.3 	2.3 	2.2 	2.2 	2.1 	11 	11 	10 	10 	10 	10 	10 	10 	22 	22 	22 	23 	24 	24 	23 	22
05.03.2020 	12 	8 	7 	8 	16 	16 	15 	17 	2 	2 	1.9 	1.8 	1.8 	1.7 	1.7 	1.7 	10 	10 	10 	10 	10 	10 	9 	9 	22 	21 	21 	23 	24 	24 	22 	21
06.03.2020 	16 	17 	17 	21 	24 	24 	24 	24 	1.7 	1.8 	1.8 	1.9 	2.1 	2.3 	2.5 	2.6 	9 	9 	9 	9 	7 	8 	8 	8 	21 	21 	21 	21 	22 	21 	21 	21
07.03.2020 	22 	21 	22 	23 	24 	21 	20 	21 	2.6 	2.6 	2.5 	2.5 	2.5 	2.5 	2.4 	2.4 	8 	9 	9 	9 	9 	9 	9 	9 	21 	21 	20 	21 	21 	21 	20 	20
08.03.2020 	21 	21 	21 	20 	20 	18 	16 	17 	2.4 	2.5 	2.5 	2.4 	2.4 	2.2 	2.1 	2.1 	9 	9 	9 	9 	9 	9 	9 	9 	20 	20 	19 	20 	21 	21 	20 	20
09.03.2020 	14 	13 	12 	13 	16 	16 	15 	15 	2 	1.9 	1.8 	1.7 	1.7 	1.9 	2 	2 	9 	9 	9 	12 	12 	9 	11 	11 	20 	20 	20 	21 	21 	21 	20 	20
10.03.2020 	14 	13 	11 	12 	16 	17 	14 	9 	2 	1.9 	1.9 	1.8 	1.8 	1.8 	1.8 	1.7 	10 	10 	9 	9 	11 	10 	15 	15 	20 	20 	20 	22 	23 	23 	22 	21
11.03.2020 	8 	5 	4 	2 	6 	4 	5 	3 	1.7 	1.7 	1.7 	1.6 	1.6 	1.5 	1.5 	1.4 	15 	15 	14 	14 	14 	13 	13 	13 	21 	21 	21 	23 	24 	22 	22 	21
12.03.2020 	2 	0 	2 	2 	5 	5 	3 	4 	1.4 	1.3 	1.3 	1.4 	1.5 	1.7 	1.8 	2 	13 	13 	13 	13 	13 	13 	13 	13 	21 	21 	21 	23 	23 	23 	23 	22
13.03.2020 	4 	4 	3 	3 	7 	6 	3 	1 	2.1 	2.2 	2.3 	2.2 	2.1 	2 	2 	2 	13 	14 	14 	14 	14 	14 	14 	13 	22 	22 	22 	23 	24 	24 	23 	22
14.03.2020 	1 	1 	1 	5 	8 	7 	7 	8 	2 	2 	2 	1.9 	1.9 	1.8 	1.7 	1.7 	13 	13 	12 	12 	12 	12 	12 	12 	21 	21 	21 	23 	24 	23 	23 	22
15.03.2020 	9 	5 	9 	14 	14 	14 	15 	11 	1.7 	1.6 	1.6 	1.5 	1.5 	1.5 	1.5 	1.4 	12 	12 	12 	13 	12 	12 	12 	12 	22 	22 	22 	24 	24 	24 	23 	22
16.03.2020 	9 	11 	16 	15 	19 	18 	18 	17 	1.5 	1.5 	1.5 	1.6 	1.7 	1.7 	1.8 	1.7 	11 	11 	10 	9 	7 	7 	7 	7 	22 	22 	22 	24 	25 	24 	23 	22
17.03.2020 	15 	19 	17 	20 	20 	20 	16 	11 	1.7 	1.7 	1.8 	1.8 	1.9 	1.9 	1.9 	1.7 	7 	7 	7 	8 	8 	8 	8 	8 	23 	23 	22 	24 	26 	24 	23 	23
18.03.2020 	18 	7 	4 	13 	19 	20 	17 	14 	1.7 	1.7 	1.7 	1.7 	1.8 	1.9 	2 	1.7 	8 	8 	8 	8 	8 	8 	8 	8 	22 	22 	22 	23 	25 	25 	23 	22
19.03.2020 	11 	14 	14 	16 	18 	14 	14 	13 	1.6 	1.6 	1.6 	1.6 	1.5 	1.5 	1.4 	1.3 	8 	8 	8 	8 	8 	8 	8 	9 	22 	22 	22 	23 	24 	23 	22 	21
20.03.2020 	16 	8 	8 	9 	12 	17 	14 	14 	1.4 	1.4 	1.4 	1.5 	1.5 	1.6 	1.7 	1.8 	10 	21 	20 	19 	18 	18 	17 	17 	22 	22 	22 	23 	24 	24 	23 	22
21.03.2020 	12 	11 	13 	13 	17 	16 	18 	16 	1.8 	1.8 	1.8 	1.8 	1.7 	1.8 	1.8 	1.7 	16 	16 	16 	16 	16 	15 	15 	15 	22 	22 	22 	23 	24 	23 	22 	22
22.03.2020 	17 	15 	16 	16 	18 	25 	19 	19 	1.7 	1.7 	1.7 	1.7 	1.7 	1.7 	1.8 	1.9 	15 	14 	14 	13 	13 	13 	12 	12 	21 	21 	21 	23 	24 	23 	21 	21
23.03.2020 	19 	19 	23 	23 	23 	27 	22 	21 	1.8 	1.8 	1.9 	2.2 	2.4 	2.4 	2.4 	2.4 	12 	13 	13 	12 	8 	8 	10 	9 	21 	21 	20 	21 	22 	22 	21 	21
24.03.2020 	21 	21 	21 	23 	23 	22 	21 	25 	2.4 	2.4 	2.3 	2.3 	2.4 	2.5 	2.4 	2.5 	9 	9 	9 	9 	9 	9 	9 	9 	20 	21 	21 	22 	23 	23 	22 	21
25.03.2020 	26 	24 	21 	23 	24 	23 	23 	24 	2.8 	2.8 	2.6 	2.6 	2.7 	2.7 	2.7 	2.6 	9 	9 	9 	9 	9 	9 	9 	9 	21 	21 	21 	21 	22 	21 	21 	20
26.03.2020 	23 	21 	21 	24 	23 	22 	21 	18 	2.6 	2.6 	2.6 	2.7 	2.8 	2.8 	2.6 	2.5 	9 	9 	9 	9 	9 	9 	9 	9 	20 	20 	21 	21 	21 	22 	21 	21
27.03.2020 	16 	16 	14 	15 	19 	18 	17 	19 	2.4 	2.4 	2.4 	2.4 	2.4 	2.4 	2.4 	2.4 	9 	9 	9 	9 	9 	9 	9 	9 	21 	21 	21 	22 	23 	23 	22 	21
28.03.2020 	18 	16 	15 	16 	18 	18 	20 	18 	2.3 	2.3 	2.2 	2.1 	2.1 	2.1 	2.1 	2.1 	10 	10 	10 	10 	10 	10 	10 	10 	21 	21 	20 	22 	23 	23 	22 	21
29.03.2020 	19 	16 	14 	14 	17 	16 	16 	15 	2.1 	2.1 	2 	1.9 	1.9 	1.8 	1.8 	1.8 	9 	9 	9 	9 	9 	9 	9 	9 	21 	21 	21 	22 	24 	23 	22 	22
30.03.2020 	14 	15 	15 	15 	17 	18 	15 	15 	1.7 	1.7 	1.7 	1.7 	1.7 	1.8 	1.7 	1.7 	9 	9 	9 	9 	9 	9 	9 	9 	21 	21 	21 	22 	23 	23 	22 	21
31.03.2020 	15 	14 	13 	12 	14 	14 	11 	9 	1.7 	1.6 	1.6 	1.6 	1.6 	1.6 	1.6 	1.6 	10 	10 	10 	10 	10 	10 	10 	10 	21 	21 	21 	22 	23 	23 	22 	22
01.04.2020 	5 	7 	7 	8 	10 	9 	11 	12 	1.5 	1.5 	1.6 	1.6 	1.6 	1.6 	1.6 	1.6 	10 	10 	10 	10 	10 	10 	10 	10 	21 	21 	21 	22 	23 	23 	22 	22
02.04.2020 	12 	9 	7 	8 	13 	14 	13 	10 	1.6 	1.6 	1.5 	1.5 	1.5 	1.4 	1.4 	1.4 	11 	11 	10 	10 	10 	10 	10 	10 	21 	21 	21 	22 	23 	23 	22 	22
03.04.2020 	7 	7 	5 	3 	9 	11 	11 	8 	1.4 	1.3 	1.3 	1.3 	1.3 	1.4 	1.5 	1.4 	9 	9 	9 	9 	9 	9 	9 	9 	22 	21 	21 	23 	24 	23 	23 	22
04.04.2020 	8 	8 	7 	9 	15 	11 	12 	12 	1.5 	1.5 	1.5 	1.5 	1.5 	1.6 	1.6 	1.7 	9 	9 	9 	9 	9 	9 	12 	13 	22 	22 	22 	24 	24 	24 	24 	23
05.04.2020 	12 	11 	6 	7 	11 	9 	12 	5 	1.8 	1.8 	1.8 	1.7 	1.6 	1.6 	1.5 	1.4 	12 	12 	12 	12 	12 	12 	12 	12 	22 	22 	22 	23 	24 	24 	23 	23
06.04.2020 	6 	3 	3 	7 	9 	11 	6 	4 	1.4 	1.4 	1.4 	1.4 	1.4 	1.4 	1.4 	1.3 	20 	19 	18 	18 	17 	17 	16 	16 	22 	22 	22 	23 	24 	24 	23 	23
07.04.2020 	7 	11 	9 	2 	5 	6 	6 	2 	1.3 	1.3 	1.4 	1.4 	1.5 	1.5 	1.6 	1.6 	15 	15 	15 	14 	14 	13 	13 	13 	22 	22 	22 	24 	24 	24 	24 	22
08.04.2020 	1 	2 	3 	2 	6 	5 	3 	3 	1.6 	1.6 	1.6 	1.5 	1.5 	1.4 	1.4 	1.4 	13 	13 	13 	13 	12 	12 	12 	12 	22 	22 	22 	24 	24 	24 	23 	23
09.04.2020 	2 	6 	7 	9 	9 	8 	6 	4 	1.3 	1.3 	1.3 	1.3 	1.2 	1.3 	1.3 	1.3 	12 	12 	12 	12 	11 	11 	11 	11 	22 	22 	22 	24 	24 	23 	23 	22
10.04.2020 	3 	2 	3 	2 	4 	2 	2 	1 	1.4 	1.5 	1.5 	1.5 	1.5 	1.6 	1.5 	1.5 	12 	13 	13 	13 	13 	12 	12 	12 	22 	21 	21 	23 	24 	24 	24 	23
11.04.2020 	3 	7 	6 	2 	2 	2 	3 	6 	1.4 	1.4 	1.3 	1.2 	1.2 	1.1 	1 	1.1 	12 	12 	12 	12 	12 	11 	11 	11 	22 	22 	22 	24 	25 	25 	24 	23
12.04.2020 	8 	7 	10 	10 	9 	12 	12 	12 	1.2 	1.3 	1.4 	1.4 	1.4 	1.3 	1.3 	1.3 	11 	10 	10 	10 	10 	10 	10 	10 	21 	21 	21 	21 	21 	23 	22 	21
13.04.2020 	15 	17 	16 	12 	14 	15 	14 	11 	1.3 	1.3 	1.4 	1.4 	1.5 	1.4 	1.4 	1.4 	10 	9 	9 	9 	9 	9 	10 	10 	21 	21 	22 	23 	24 	24 	24 	24
14.04.2020 	9 	7 	9 	10 	16 	15 	15 	16 	1.4 	1.3 	1.3 	1.3 	1.4 	1.5 	1.5 	1.5 	10 	10 	10 	10 	10 	9 	9 	9 	23 	23 	23 	24 	26 	24 	23 	23
15.04.2020 	14 	14 	16 	17 	19 	19 	19 	17 	1.6 	1.6 	1.6 	1.8 	2 	2.2 	2.3 	2.3 	9 	9 	13 	16 	16 	15 	15 	14 	22 	22 	22 	23 	25 	25 	24 	23
16.04.2020 	17 	16 	18 	19 	20 	19 	18 	17 	2.3 	2.3 	2.2 	2.2 	2.2 	2.1 	2.1 	2 	14 	14 	14 	14 	13 	13 	13 	13 	22 	22 	22 	23 	24 	24 	23 	22
17.04.2020 	15 	13 	13 	14 	18 	17 	16 	15 	1.9 	1.7 	1.7 	1.6 	1.6 	1.5 	1.5 	1.4 	14 	13 	13 	13 	13 	13 	12 	12 	21 	21 	21 	22 	24 	24 	22 	22
18.04.2020 	13 	13 	12 	13 	17 	18 	16 	15 	1.4 	1.4 	1.4 	1.4 	1.5 	1.6 	1.7 	1.8 	12 	9 	18 	18 	17 	17 	16 	16 	21 	21 	21 	23 	24 	24 	23 	22
19.04.2020 	12 	11 	6 	5 	15 	13 	13 	10 	1.9 	1.9 	1.9 	1.8 	1.8 	1.8 	1.7 	1.7 	16 	16 	16 	16 	16 	15 	15 	15 	21 	21 	21 	23 	24 	23 	22 	22
20.04.2020 	10 	9 	10 	12 	18 	14 	11 	9 	1.6 	1.5 	1.4 	1.4 	1.4 	1.4 	1.3 	1.2 	15 	14 	14 	14 	14 	14 	14 	14 	22 	21 	21 	23 	24 	23 	23 	23
21.04.2020 	6 	4 	5 	9 	15 	13 	12 	13 	1.2 	1.2 	1.2 	1.3 	1.5 	1.6 	1.6 	1.6 	13 	13 	13 	13 	13 	13 	13 	13 	22 	22 	21 	23 	24 	24 	23 	23
22.04.2020 	12 	10 	12 	14 	15 	18 	16 	16 	1.7 	1.7 	1.8 	1.8 	1.9 	1.9 	2 	2 	13 	13 	12 	13 	13 	13 	13 	13 	22 	22 	22 	24 	24 	24 	24 	23
23.04.2020 	16 	17 	16 	18 	19 	17 	14 	16 	2 	2 	2 	2.1 	2.2 	2.3 	2.3 	2.3 	14 	14 	13 	13 	13 	13 	13 	15 	22 	22 	22 	24 	25 	25 	23 	23
24.04.2020 	14 	13 	16 	21 	19 	19 	19 	16 	2.3 	2.3 	2.3 	2.3 	2.3 	2.2 	2.1 	2 	15 	14 	14 	13 	13 	13 	13 	13 	22 	22 	23 	22 	24 	24 	23 	22
25.04.2020 	14 	14 	13 	16 	18 	19 	16 	15 	1.9 	1.9 	1.8 	1.8 	1.8 	1.7 	1.7 	1.7 	12 	12 	12 	13 	13 	12 	11 	12 	21 	21 	21 	23 	24 	23 	22 	22
26.04.2020 	15 	16 	16 	18 	17 	20 	17 	16 	1.7 	1.6 	1.6 	1.6 	1.6 	1.6 	1.5 	1.5 	12 	11 	11 	11 	10 	10 	10 	10 	22 	22 	22 	23 	24 	24 	23 	22
27.04.2020 	14 	12 	13 	14 	17 	18 	17 	14 	1.5 	1.4 	1.4 	1.4 	1.4 	1.4 	1.4 	1.4 	10 	10 	9 	9 	9 	9 	9 	9 	22 	22 	22 	24 	25 	24 	23 	22
28.04.2020 	14 	14 	13 	15 	18 	16 	14 	15 	1.4 	1.4 	1.3 	1.3 	1.3 	1.3 	1.3 	1.4 	9 	9 	9 	8 	8 	8 	8 	13 	22 	22 	22 	23 	24 	23 	22 	22
29.04.2020 	14 	14 	15 	16 	18 	17 	17 	15 	1.5 	1.6 	1.7 	1.7 	1.7 	1.7 	1.8 	1.8 	13 	13 	13 	13 	12 	12 	11 	11 	21 	21 	21 	23 	24 	23 	22 	22
30.04.2020 	17 	15 	18 	19 	21 	20 	20 	19 	1.8 	1.7 	1.8 	1.9 	1.9 	2 	1.9 	1.9 	11 	11 	11 	10 	7 	7 	7 	7 	22 	22 	22 	22 	23 	24 	23 	22
01.05.2020 	19 	18 	20 	20 	23 	21 	19 	19 	1.9 	1.8 	1.8 	1.9 	1.9 	1.9 	1.9 	1.9 	7 	7 	7 	7 	7 	7 	8 	8 	22 	22 	22 	22 	23 	24 	23 	23
02.05.2020 	18 	18 	18 	19 	21 	20 	18 	18 	1.8 	1.8 	1.7 	1.7 	1.7 	1.6 	1.6 	1.6 	8 	8 	8 	7 	7 	7 	7 	7 	22 	22 	22 	23 	24 	23 	23 	22
03.05.2020 	19 	18 	16 	19 	20 	20 	18 	16 	1.7 	1.7 	1.7 	1.7 	1.7 	1.7 	1.6 	1.6 	8 	13 	12 	12 	12 	11 	11 	11 	22 	22 	22 	23 	24 	24 	23 	23
04.05.2020 	16 	19 	19 	19 	19 	18 	17 	15 	1.6 	1.6 	1.6 	1.6 	1.7 	1.7 	1.6 	1.6 	11 	10 	7 	8 	8 	11 	12 	11 	22 	22 	22 	23 	23 	23 	23 	22
05.05.2020 	17 	16 	15 	18 	21 	19 	18 	15 	1.7 	1.7 	1.7 	1.8 	1.8 	1.8 	1.8 	1.8 	11 	11 	10 	10 	10 	8 	8 	8 	22 	22 	22 	23 	24 	24 	23 	22
06.05.2020 	13 	11 	10 	11 	15 	12 	12 	11 	1.7 	1.6 	1.6 	1.6 	1.5 	1.5 	1.5 	1.4 	11 	11 	11 	11 	11 	11 	11 	11 	22 	21 	21 	24 	25 	24 	23 	22
07.05.2020 	10 	9 	8 	9 	12 	13 	12 	12 	1.4 	1.4 	1.4 	1.3 	1.3 	1.3 	1.3 	1.4 	10 	10 	10 	10 	10 	10 	9 	9 	22 	21 	21 	23 	24 	23 	22 	22
08.05.2020 	10 	11 	12 	12 	14 	14 	12 	12 	1.5 	1.5 	1.6 	1.7 	1.7 	1.7 	1.7 	1.7 	9 	9 	12 	12 	12 	12 	11 	11 	21 	21 	21 	22 	22 	23 	22 	22
09.05.2020 	11 	12 	12 	15 	14 	12 	11 	11 	1.6 	1.6 	1.6 	1.6 	1.6 	1.6 	1.6 	1.5 	11 	11 	11 	11 	12 	12 	11 	11 	21 	21 	21 	22 	23 	22 	22 	22
10.05.2020 	9 	7 	8 	12 	17 	15 	18 	14 	1.5 	1.4 	1.4 	1.4 	1.3 	1.3 	1.3 	1.3 	11 	11 	11 	11 	11 	10 	10 	10 	21 	21 	21 	23 	24 	24 	23 	22
11.05.2020 	13 	14 	17 	18 	19 	16 	14 	13 	1.3 	1.4 	1.5 	1.7 	1.7 	1.6 	1.6 	1.5 	10 	10 	8 	8 	7 	12 	11 	11 	22 	22 	22 	22 	23 	22 	23 	22
12.05.2020 	12 	10 	12 	14 	17 	17 	16 	13 	1.4 	1.4 	1.4 	1.4 	1.4 	1.4 	1.5 	1.4 	11 	16 	15 	15 	14 	15 	14 	14 	22 	21 	21 	23 	24 	24 	23 	23
13.05.2020 	12 	7 	8 	11 	14 	15 	14 	11 	1.4 	1.3 	1.3 	1.2 	1.2 	1.2 	1.2 	1.2 	14 	14 	14 	14 	14 	14 	13 	13 	22 	22 	22 	24 	25 	26 	24 	23
14.05.2020 	8 	2 	2 	3 	6 	7 	7 	9 	1.2 	1.1 	1.1 	1.1 	1 	1 	1 	1 	13 	13 	13 	13 	13 	12 	12 	12 	22 	22 	22 	24 	24 	24 	24 	23
15.05.2020 	12 	7 	8 	10 	16 	14 	14 	15 	1 	1 	0.9 	0.9 	1 	1.1 	1.3 	1.5 	12 	12 	12 	18 	17 	17 	16 	16 	23 	22 	22 	24 	25 	24 	23 	23
16.05.2020 	15 	10 	12 	14 	17 	19 	15 	16 	1.8 	1.9 	2.1 	2.1 	2.1 	2 	2 	1.9 	15 	15 	15 	14 	14 	14 	14 	13 	23 	22 	22 	24 	25 	25 	23 	23
17.05.2020 	15 	13 	13 	15 	17 	18 	17 	13 	1.9 	1.8 	1.7 	1.6 	1.5 	1.5 	1.4 	1.3 	13 	13 	13 	13 	13 	12 	12 	12 	22 	22 	22 	24 	26 	25 	24 	23
18.05.2020 	12 	9 	10 	12 	15 	18 	18 	16 	1.2 	1.2 	1.1 	1.2 	1.2 	1.3 	1.4 	1.4 	11 	11 	11 	11 	11 	10 	7 	7 	23 	23 	22 	25 	25 	24 	23 	23
19.05.2020 	16 	13 	12 	14 	17 	16 	15 	16 	1.3 	1.3 	1.2 	1.2 	1.2 	1.3 	1.3 	1.3 	7 	7 	7 	7 	7 	7 	7 	7 	23 	22 	22 	24 	24 	24 	23 	23
20.05.2020 	15 	16 	15 	16 	17 	15 	15 	13 	1.5 	1.5 	1.5 	1.5 	1.5 	1.5 	1.4 	1.3 	7 	7 	7 	7 	7 	7 	8 	8 	23 	23 	23 	23 	23 	24 	23 	23
21.05.2020 	13 	10 	9 	14 	19 	18 	18 	16 	1.3 	1.2 	1.2 	1.2 	1.5 	1.6 	1.6 	1.6 	8 	8 	8 	8 	8 	8 	8 	8 	22 	22 	22 	24 	24 	24 	23 	23
22.05.2020 	16 	14 	14 	16 	18 	15 	15 	12 	1.6 	1.5 	1.4 	1.4 	1.3 	1.3 	1.3 	1.3 	7 	7 	7 	7 	9 	9 	9 	9 	22 	22 	22 	23 	24 	24 	23 	23
23.05.2020 	10 	8 	10 	15 	19 	20 	16 	15 	1.3 	1.3 	1.3 	1.4 	1.5 	1.7 	1.7 	1.6 	9 	9 	9 	10 	14 	14 	13 	13 	23 	22 	22 	25 	26 	25 	24 	24
24.05.2020 	14 	12 	13 	15 	17 	17 	15 	14 	1.6 	1.5 	1.5 	1.5 	1.5 	1.6 	1.5 	1.4 	13 	13 	12 	12 	12 	12 	12 	12 	24 	23 	23 	25 	26 	24 	24 	24
25.05.2020 	10 	7 	7 	13 	17 	14 	12 	13 	1.3 	1.3 	1.2 	1.3 	1.4 	1.4 	1.4 	1.3 	12 	12 	13 	12 	12 	12 	12 	12 	23 	22 	22 	25 	24 	23 	23 	23
26.05.2020 	11 	9 	10 	11 	15 	16 	14 	14 	1.2 	1.2 	1.1 	1.1 	1.1 	1.1 	1.1 	1.1 	11 	11 	11 	11 	11 	11 	11 	10 	23 	22 	22 	24 	25 	24 	23 	23
27.05.2020 	15 	14 	13 	15 	17 	16 	17 	15 	1.1 	1.2 	1.2 	1.1 	1.2 	1.2 	1.3 	1.4 	11 	11 	10 	10 	10 	10 	11 	11 	23 	23 	23 	25 	26 	25 	23 	23
28.05.2020 	15 	13 	12 	15 	16 	17 	16 	14 	1.4 	1.4 	1.4 	1.4 	1.3 	1.3 	1.3 	1.3 	12 	11 	11 	11 	11 	11 	11 	11 	23 	22 	22 	23 	24 	25 	23 	23
29.05.2020 	14 	11 	10 	15 	15 	19 	17 	13 	1.3 	1.2 	1.2 	1.2 	1.2 	1.2 	1.2 	1.2 	10 	10 	10 	10 	10 	10 	10 	10 	23 	22 	22 	24 	25 	25 	24 	23
30.05.2020 	11 	9 	10 	11 	14 	14 	16 	14 	1.2 	1.2 	1.2 	1.2 	1.2 	1.3 	1.3 	1.3 	11 	11 	11 	11 	13 	12 	12 	12 	23 	23 	23 	25 	25 	24 	23 	23
31.05.2020 	13 	13 	12 	15 	18 	17 	13 	10 	1.3 	1.3 	1.3 	1.3 	1.3 	1.2 	1.2 	1.1 	12 	12 	12 	12 	12 	12 	12 	12 	22 	22 	22 	23 	25 	24 	24 	23
01.06.2020 	11 	13 	11 	9 	11 	12 	11 	13 	1.1 	1.1 	1.1 	1 	1 	1 	1 	1 	12 	12 	12 	12 	12 	12 	12 	12 	23 	23 	23 	24 	25 	25 	24 	24
02.06.2020 	11 	9 	8 	11 	16 	16 	16 	17 	1 	1 	0.9 	0.9 	1 	1 	1.1 	1.1 	12 	11 	11 	11 	11 	11 	11 	11 	24 	24 	24 	26 	27 	26 	25 	24
03.06.2020 	16 	11 	12 	16 	16 	11 	17 	17 	1.2 	1.2 	1.2 	1.2 	1.3 	1.6 	1.5 	1.4 	11 	14 	13 	13 	13 	12 	12 	12 	24 	24 	24 	26 	27 	26 	25 	24
04.06.2020 	17 	16 	16 	18 	18 	14 	17 	18 	1.5 	1.5 	1.5 	1.6 	1.7 	1.9 	1.8 	1.6 	12 	11 	9 	8 	8 	7 	7 	8 	24 	23 	23 	26 	26 	25 	24 	24
05.06.2020 	19 	15 	17 	19 	21 	19 	19 	15 	1.7 	1.7 	1.7 	1.7 	1.8 	1.8 	1.9 	1.8 	8 	8 	8 	8 	8 	9 	9 	9 	23 	23 	23 	24 	26 	26 	25 	24
06.06.2020 	16 	14 	17 	17 	18 	16 	17 	16 	1.7 	1.7 	1.6 	1.7 	1.7 	1.8 	1.8 	1.7 	9 	9 	9 	9 	9 	9 	9 	9 	23 	23 	23 	25 	27 	26 	25 	24
07.06.2020 	16 	14 	13 	15 	18 	18 	19 	15 	1.7 	1.7 	1.6 	1.6 	1.6 	1.5 	1.5 	1.4 	9 	9 	9 	9 	9 	9 	9 	9 	24 	24 	23 	25 	26 	25 	24 	24
08.06.2020 	14 	12 	12 	14 	18 	19 	15 	14 	1.4 	1.4 	1.3 	1.3 	1.3 	1.3 	1.4 	1.4 	8 	8 	8 	8 	8 	8 	8 	8 	23 	23 	23 	24 	26 	26 	26 	24
09.06.2020 	10 	12 	14 	19 	16 	17 	23 	16 	1.3 	1.3 	1.3 	1.5 	1.7 	1.9 	1.7 	1.7 	8 	8 	8 	8 	8 	8 	8 	8 	24 	24 	23 	25 	26 	25 	24 	24
10.06.2020 	15 	16 	16 	18 	21 	24 	25 	20 	1.6 	1.5 	1.6 	1.5 	1.7 	1.7 	1.8 	1.8 	8 	8 	9 	9 	9 	8 	8 	8 	23 	23 	24 	25 	25 	25 	24 	23
11.06.2020 	20 	19 	19 	22 	23 	23 	20 	19 	1.9 	1.8 	1.8 	1.8 	1.8 	1.9 	1.9 	1.9 	8 	8 	8 	9 	8 	8 	8 	8 	23 	23 	23 	24 	25 	25 	24 	23
12.06.2020 	21 	20 	18 	22 	23 	25 	23 	21 	1.9 	1.9 	1.9 	1.9 	2 	2 	2.1 	2 	8 	8 	8 	8 	8 	8 	8 	8 	23 	23 	23 	24 	25 	25 	23 	23
13.06.2020 	20 	21 	19 	20 	22 	25 	24 	18 	2 	2 	1.9 	1.8 	1.9 	1.8 	1.8 	1.8 	8 	8 	8 	8 	8 	8 	8 	8 	23 	23 	22 	24 	25 	25 	24 	23
14.06.2020 	18 	16 	16 	17 	21 	25 	20 	18 	1.8 	1.7 	1.8 	1.7 	1.9 	1.9 	1.8 	1.8 	8 	8 	9 	9 	9 	9 	9 	9 	23 	23 	23 	25 	26 	25 	24 	23
15.06.2020 	17 	16 	15 	17 	22 	22 	18 	15 	1.8 	1.7 	1.7 	1.6 	1.7 	1.8 	1.9 	1.8 	9 	9 	9 	9 	9 	9 	8 	8 	23 	23 	22 	25 	26 	26 	24 	23
16.06.2020 	16 	14 	14 	18 	21 	19 	17 	15 	1.7 	1.6 	1.6 	1.6 	1.7 	1.8 	1.7 	1.6 	9 	9 	9 	9 	9 	9 	9 	9 	23 	23 	23 	24 	24 	24 	24 	23
17.06.2020 	13 	10 	11 	15 	21 	20 	17 	16 	1.6 	1.5 	1.4 	1.4 	1.4 	1.5 	1.8 	1.6 	9 	9 	9 	9 	9 	9 	9 	9 	22 	22 	22 	25 	26 	26 	25 	24
18.06.2020 	16 	16 	18 	19 	23 	26 	23 	18 	1.6 	1.6 	1.8 	1.9 	1.9 	1.9 	1.9 	1.9 	9 	9 	9 	9 	8 	8 	8 	8 	24 	23 	23 	24 	26 	25 	24 	23
19.06.2020 	17 	17 	15 	17 	22 	19 	18 	16 	1.8 	1.7 	1.7 	1.6 	1.6 	1.6 	1.6 	1.7 	8 	8 	8 	9 	9 	9 	9 	9 	23 	23 	23 	24 	25 	25 	24 	23
20.06.2020 	16 	15 	14 	16 	20 	18 	18 	14 	1.6 	1.5 	1.5 	1.5 	1.5 	1.5 	1.5 	1.5 	9 	9 	9 	9 	9 	9 	9 	9 	23 	23 	22 	24 	26 	25 	24 	23
21.06.2020 	15 	12 	13 	15 	17 	16 	15 	14 	1.5 	1.4 	1.4 	1.4 	1.5 	1.7 	1.7 	1.5 	9 	8 	8 	8 	8 	8 	8 	8 	23 	23 	23 	25 	26 	25 	24 	24
22.06.2020 	15 	12 	13 	16 	18 	16 	14 	11 	1.5 	1.4 	1.3 	1.3 	1.3 	1.3 	1.3 	1.2 	8 	8 	8 	8 	8 	8 	8 	8 	23 	23 	23 	25 	26 	26 	25 	23
23.06.2020 	12 	11 	12 	15 	20 	15 	16 	15 	1.2 	1.1 	1.1 	1.1 	1.4 	1.6 	1.6 	1.4 	8 	8 	8 	8 	8 	7 	7 	8 	23 	22 	23 	25 	25 	25 	24 	23
24.06.2020 	14 	14 	14 	16 	18 	17 	16 	15 	1.4 	1.4 	1.3 	1.4 	1.4 	1.5 	1.6 	1.7 	8 	8 	8 	8 	8 	8 	8 	8 	23 	23 	23 	25 	28 	26 	25 	24
25.06.2020 	17 	17 	17 	19 	19 	16 	15 	17 	1.7 	1.8 	1.9 	1.9 	1.9 	1.9 	1.9 	1.5 	7 	7 	8 	8 	8 	8 	8 	8 	24 	24 	24 	25 	27 	27 	25 	24
26.06.2020 	18 	17 	15 	17 	19 	19 	19 	14 	1.6 	1.6 	1.5 	1.6 	1.6 	1.5 	1.5 	1.5 	9 	14 	14 	14 	14 	13 	13 	13 	24 	23 	23 	25 	26 	25 	25 	23
27.06.2020 	13 	10 	9 	11 	13 	12 	14 	11 	1.4 	1.4 	1.3 	1.3 	1.3 	1.2 	1.3 	1.3 	13 	13 	12 	13 	12 	12 	12 	12 	23 	23 	23 	25 	26 	25 	24 	24
28.06.2020 	10 	9 	7 	11 	15 	15 	16 	12 	1.3 	1.2 	1.2 	1.2 	1.2 	1.2 	1.3 	1.3 	10 	12 	11 	10 	10 	9 	9 	10 	23 	23 	23 	26 	27 	26 	25 	24
29.06.2020 	9 	11 	12 	15 	19 	20 	17 	14 	1.3 	1.3 	1.3 	1.3 	1.3 	1.3 	1.3 	1.3 	10 	10 	9 	9 	9 	9 	9 	9 	23 	23 	23 	25 	26 	26 	25 	24
30.06.2020 	13 	13 	13 	15 	19 	21 	20 	16 	1.3 	1.3 	1.2 	1.2 	1.3 	1.4 	1.4 	1.4 	9 	9 	9 	9 	9 	9 	9 	9 	23 	23 	23 	25 	26 	26 	25 	23
01.07.2020 	13 	13 	14 	16 	18 	20 	20 	13 	1.3 	1.3 	1.3 	1.3 	1.3 	1.4 	1.4 	1.4 	9 	8 	9 	9 	10 	10 	10 	9 	23 	23 	23 	25 	26 	26 	25 	24
02.07.2020 	12 	10 	10 	11 	14 	14 	14 	12 	1.4 	1.3 	1.3 	1.3 	1.3 	1.3 	1.2 	1.2 	9 	9 	9 	9 	9 	9 	9 	9 	23 	23 	23 	25 	26 	26 	25 	23
03.07.2020 	10 	6 	9 	10 	15 	16 	15 	14 	1.2 	1.1 	1.1 	1.1 	1.1 	1.1 	1.1 	1.2 	9 	9 	9 	9 	9 	9 	9 	9 	23 	23 	23 	25 	26 	26 	26 	25
04.07.2020 	13 	13 	13 	14 	16 	14 	13 	13 	1.2 	1.2 	1.2 	1.2 	1.2 	1.2 	1.1 	1 	8 	8 	8 	8 	8 	8 	8 	8 	24 	24 	24 	26 	26 	25 	24 	24
05.07.2020 	12 	10 	12 	13 	16 	17 	17 	16 	1 	1 	1 	1 	1 	1.1 	1.1 	1.2 	8 	8 	8 	12 	12 	11 	11 	8 	24 	24 	24 	26 	27 	26 	25 	24
06.07.2020 	14 	12 	12 	14 	18 	16 	17 	15 	1.1 	1 	1 	0.9 	0.9 	0.9 	0.8 	0.9 	11 	11 	11 	10 	10 	10 	10 	10 	24 	23 	22 	25 	26 	26 	25 	24
07.07.2020 	13 	13 	13 	18 	23 	25 	18 	15 	1 	0.9 	1 	1.1 	1.3 	1.4 	1.5 	1.5 	10 	10 	6 	6 	6 	6 	7 	7 	24 	23 	23 	25 	26 	25 	24 	23
08.07.2020 	17 	14 	14 	16 	19 	22 	19 	16 	1.5 	1.5 	1.5 	1.4 	1.5 	1.6 	1.7 	1.6 	7 	7 	7 	7 	7 	7 	7 	8 	23 	23 	23 	24 	25 	25 	24 	23
09.07.2020 	15 	13 	12 	14 	19 	21 	18 	18 	1.6 	1.5 	1.4 	1.4 	1.4 	1.6 	1.7 	1.6 	8 	8 	8 	8 	8 	8 	8 	8 	23 	23 	23 	26 	27 	26 	26 	24
10.07.2020 	18 	16 	18 	19 	21 	24 	24 	20 	1.7 	1.7 	1.7 	1.7 	1.7 	1.7 	1.8 	1.8 	8 	8 	8 	8 	8 	8 	8 	8 	24 	23 	23 	25 	26 	26 	25 	24
11.07.2020 	18 	18 	18 	18 	21 	22 	20 	16 	1.7 	1.7 	1.7 	1.7 	1.7 	1.7 	1.7 	1.6 	8 	8 	8 	8 	8 	8 	8 	8 	23 	24 	23 	25 	26 	25 	24 	23
12.07.2020 	16 	16 	15 	15 	17 	16 	15 	11 	1.6 	1.5 	1.5 	1.5 	1.4 	1.4 	1.3 	1.3 	8 	8 	8 	8 	8 	8 	8 	8 	23 	23 	23 	24 	25 	25 	24 	23
13.07.2020 	12 	13 	14 	15 	17 	20 	17 	14 	1.2 	1.2 	1.2 	1.3 	1.4 	1.4 	1.4 	1.3 	8 	8 	8 	8 	8 	8 	8 	8 	23 	23 	23 	25 	26 	25 	25 	24
14.07.2020 	14 	16 	16 	15 	16 	19 	19 	16 	1.3 	1.3 	1.5 	1.5 	1.5 	1.5 	1.5 	1.5 	8 	8 	8 	8 	8 	8 	8 	8 	24 	24 	24 	25 	27 	26 	24 	24
15.07.2020 	14 	15 	14 	14 	17 	17 	16 	15 	1.5 	1.5 	1.5 	1.5 	1.6 	1.6 	1.5 	1.4 	8 	9 	9 	9 	9 	9 	9 	9 	24 	24 	23 	25 	27 	26 	25 	24
16.07.2020 	15 	12 	10 	12 	17 	16 	16 	13 	1.4 	1.4 	1.4 	1.3 	1.3 	1.3 	1.3 	1.3 	9 	10 	10 	10 	10 	10 	10 	9 	24 	24 	24 	26 	28 	26 	26 	25
17.07.2020 	12 	9 	7 	11 	17 	17 	19 	13 	1.4 	1.4 	1.4 	1.3 	1.4 	1.4 	1.4 	1.4 	9 	9 	9 	9 	9 	9 	9 	9 	25 	24 	24 	26 	27 	27 	26 	25
18.07.2020 	14 	11 	12 	16 	19 	24 	21 	18 	1.4 	1.3 	1.3 	1.3 	1.4 	1.4 	1.5 	1.5 	10 	10 	10 	9 	9 	9 	9 	9 	25 	24 	24 	27 	28 	26 	25 	25
19.07.2020 	18 	16 	16 	17 	22 	21 	19 	18 	1.5 	1.5 	1.6 	1.6 	1.6 	1.7 	1.8 	1.7 	8 	8 	8 	8 	8 	8 	8 	8 	24 	24 	24 	26 	26 	26 	25 	24
20.07.2020 	18 	17 	16 	15 	16 	14 	14 	11 	1.7 	1.7 	1.7 	1.7 	1.6 	1.6 	1.6 	1.5 	8 	8 	8 	8 	8 	9 	9 	9 	24 	24 	23 	24 	26 	25 	24 	23
21.07.2020 	8 	5 	6 	8 	9 	10 	10 	10 	1.5 	1.4 	1.4 	1.4 	1.4 	1.4 	1.3 	1.3 	9 	9 	9 	9 	9 	9 	9 	9 	23 	23 	23 	25 	26 	26 	25 	24
22.07.2020 	10 	8 	7 	9 	14 	14 	13 	11 	1.3 	1.3 	1.3 	1.2 	1.2 	1.2 	1.2 	1.2 	9 	9 	9 	9 	9 	9 	9 	9 	24 	23 	23 	25 	26 	26 	25 	24
23.07.2020 	10 	10 	13 	15 	17 	22 	15 	16 	1.2 	1.2 	1.2 	1.3 	1.4 	1.5 	1.6 	1.5 	10 	10 	10 	10 	10 	10 	10 	10 	24 	23 	23 	26 	27 	27 	26 	24
24.07.2020 	15 	16 	16 	15 	18 	16 	19 	17 	1.4 	1.4 	1.5 	1.5 	1.5 	1.5 	1.5 	1.4 	10 	10 	10 	8 	8 	8 	7 	9 	24 	24 	23 	26 	26 	26 	25 	25
25.07.2020 	16 	14 	15 	16 	17 	18 	18 	15 	1.5 	1.5 	1.6 	1.8 	2 	2.2 	2.3 	2.4 	8 	9 	10 	17 	16 	16 	16 	16 	24 	24 	24 	26 	26 	26 	25 	24
26.07.2020 	13 	13 	14 	13 	11 	2 	4 	13 	2.5 	2.8 	3.2 	3.8 	4.4 	4 	2.9 	2.6 	15 	15 	14 	14 	13 	12 	11 	10 	24 	24 	24 	24 	23 	24 	25 	26
27.07.2020 	16 	19 	20 	22 	23 	26 	23 	19 	2.4 	2.3 	2.4 	2.5 	2.3 	2.1 	2.1 	2 	9 	9 	9 	9 	8 	8 	8 	8 	26 	25 	24 	25 	26 	26 	25 	24
28.07.2020 	19 	16 	13 	18 	19 	18 	18 	15 	1.9 	1.7 	1.6 	1.7 	1.8 	1.8 	1.7 	1.7 	8 	8 	8 	8 	8 	8 	8 	8 	24 	24 	23 	24 	24 	25 	24 	23
29.07.2020 	19 	15 	13 	17 	16 	16 	16 	14 	1.7 	1.7 	1.6 	1.6 	1.5 	1.4 	1.4 	1.4 	8 	8 	8 	8 	8 	8 	8 	8 	23 	23 	23 	24 	25 	25 	24 	24
30.07.2020 	17 	14 	14 	15 	19 	20 	18 	16 	1.4 	1.6 	1.6 	1.6 	1.5 	1.5 	1.5 	1.5 	8 	7 	8 	8 	8 	7 	7 	7 	23 	23 	23 	24 	25 	25 	24 	23
31.07.2020 	12 	18 	16 	18 	20 	23 	19 	16 	1.4 	1.5 	1.5 	1.5 	1.4 	1.4 	1.4 	1.4 	8 	8 	7 	7 	7 	7 	7 	7 	23 	23 	23 	24 	25 	25 	24 	23
01.08.2020 	15 	13 	12 	14 	18 	16 	14 	15 	1.4 	1.3 	1.3 	1.2 	1.2 	1.2 	1.2 	1.3 	7 	7 	7 	7 	7 	7 	12 	12 	23 	23 	23 	24 	25 	25 	24 	23
02.08.2020 	14 	12 	12 	14 	15 	19 	17 	16 	1.3 	1.3 	1.3 	1.3 	1.4 	1.4 	1.4 	1.4 	12 	11 	11 	11 	11 	11 	10 	10 	23 	23 	23 	25 	27 	26 	25 	24
03.08.2020 	15 	15 	15 	16 	22 	20 	16 	14 	1.4 	1.4 	1.4 	1.4 	1.4 	1.3 	1.2 	1.3 	11 	11 	10 	10 	10 	10 	10 	10 	24 	24 	23 	25 	26 	26 	25 	24
04.08.2020 	15 	15 	14 	14 	17 	17 	16 	16 	1.3 	1.3 	1.4 	1.3 	1.3 	1.3 	1.3 	1.3 	10 	10 	8 	8 	8 	9 	9 	9 	24 	23 	23 	24 	26 	26 	24 	24
05.08.2020 	18 	17 	16 	18 	21 	19 	19 	18 	1.4 	1.5 	1.6 	1.6 	1.6 	1.7 	1.7 	1.7 	8 	8 	8 	8 	8 	8 	8 	8 	24 	24 	24 	25 	26 	26 	25 	25
06.08.2020 	18 	16 	14 	14 	19 	19 	18 	16 	1.7 	1.7 	1.7 	1.6 	1.6 	1.6 	1.6 	1.6 	8 	9 	8 	8 	8 	8 	8 	8 	25 	24 	24 	26 	27 	26 	25 	24
07.08.2020 	16 	15 	15 	16 	19 	20 	21 	20 	1.6 	1.5 	1.5 	1.5 	1.5 	1.6 	1.6 	1.7 	8 	8 	8 	8 	8 	8 	8 	8 	25 	24 	24 	26 	27 	27 	25 	25
08.08.2020 	18 	18 	17 	20 	24 	27 	24 	19 	1.7 	1.8 	1.8 	1.8 	2 	1.9 	1.9 	1.9 	8 	8 	8 	8 	8 	8 	8 	8 	24 	25 	24 	26 	27 	26 	25 	24
09.08.2020 	18 	18 	17 	18 	24 	19 	21 	16 	1.8 	1.8 	1.8 	1.8 	1.8 	1.9 	1.8 	1.7 	8 	8 	8 	8 	8 	8 	8 	8 	24 	24 	24 	25 	25 	25 	24 	23
10.08.2020 	15 	16 	13 	17 	23 	23 	21 	17 	1.6 	1.6 	1.6 	1.5 	1.5 	1.6 	1.6 	1.6 	8 	8 	8 	8 	8 	8 	8 	8 	23 	24 	23 	25 	26 	26 	25 	24
11.08.2020 	15 	13 	12 	15 	17 	19 	19 	17 	1.6 	1.5 	1.5 	1.5 	1.5 	1.5 	1.4 	1.4 	8 	8 	8 	8 	8 	8 	8 	8 	23 	23 	23 	25 	26 	25 	25 	24
12.08.2020 	15 	13 	11 	12 	16 	16 	16 	13 	1.4 	1.4 	1.3 	1.2 	1.2 	1.3 	1.3 	1.3 	8 	8 	8 	8 	8 	9 	9 	9 	23 	23 	23 	25 	26 	26 	25 	24
13.08.2020 	11 	9 	10 	13 	16 	16 	17 	13 	1.3 	1.4 	1.4 	1.4 	1.4 	1.5 	1.5 	1.5 	9 	9 	9 	10 	10 	10 	10 	10 	24 	24 	23 	25 	26 	26 	25 	24
14.08.2020 	11 	10 	13 	13 	16 	16 	15 	17 	1.6 	1.6 	1.6 	1.6 	1.6 	1.6 	1.6 	1.6 	10 	11 	11 	11 	11 	11 	10 	10 	24 	23 	23 	26 	27 	27 	26 	25
15.08.2020 	17 	16 	16 	17 	17 	20 	18 	15 	1.7 	1.8 	1.7 	1.7 	1.7 	1.6 	1.6 	1.5 	10 	10 	10 	10 	10 	10 	14 	14 	25 	24 	24 	26 	27 	26 	25 	24
16.08.2020 	13 	11 	10 	11 	11 	10 	9 	10 	1.5 	1.4 	1.4 	1.3 	1.2 	1.2 	1.2 	1.1 	13 	13 	13 	12 	12 	9 	9 	12 	24 	23 	23 	25 	26 	26 	25 	24
17.08.2020 	10 	8 	7 	8 	11 	11 	12 	10 	1.1 	1 	1 	0.9 	0.9 	0.9 	0.9 	0.9 	9 	9 	9 	11 	8 	11 	11 	11 	24 	23 	23 	25 	26 	26 	25 	24
18.08.2020 	9 	9 	11 	11 	17 	21 	19 	16 	0.9 	0.9 	0.9 	0.9 	1 	1.1 	1.1 	1.1 	11 	11 	11 	11 	11 	11 	8 	8 	24 	24 	23 	26 	27 	26 	25 	24
19.08.2020 	14 	13 	12 	14 	20 	21 	19 	15 	1.1 	1.1 	1 	1 	1.1 	1.2 	1.3 	1.3 	8 	8 	8 	10 	10 	10 	10 	9 	24 	23 	23 	25 	26 	26 	25 	24
20.08.2020 	16 	15 	15 	16 	20 	21 	17 	14 	1.3 	1.3 	1.3 	1.3 	1.3 	1.4 	1.4 	1.3 	9 	9 	7 	7 	7 	7 	7 	7 	24 	24 	24 	25 	26 	25 	25 	24
21.08.2020 	13 	12 	12 	13 	14 	16 	13 	12 	1.3 	1.2 	1.2 	1.1 	1.1 	1.2 	1.2 	1.1 	8 	8 	8 	8 	8 	8 	8 	8 	24 	23 	23 	25 	26 	26 	25 	24
22.08.2020 	13 	12 	11 	13 	15 	17 	16 	14 	1.1 	1.1 	1.1 	1.1 	1.1 	1.2 	1.2 	1.3 	19 	18 	18 	17 	17 	16 	16 	16 	23 	23 	24 	25 	27 	27 	26 	25
23.08.2020 	15 	11 	13 	16 	18 	18 	18 	17 	1.3 	1.2 	1.2 	1.3 	1.4 	1.4 	1.4 	1.4 	15 	15 	15 	14 	14 	14 	14 	14 	24 	24 	24 	26 	27 	27 	26 	25
24.08.2020 	14 	14 	14 	16 	20 	21 	18 	16 	1.4 	1.3 	1.3 	1.3 	1.4 	1.4 	1.4 	1.4 	13 	13 	13 	13 	13 	13 	12 	12 	25 	24 	24 	26 	27 	26 	25 	24
25.08.2020 	16 	15 	14 	16 	18 	21 	18 	15 	1.4 	1.3 	1.3 	1.2 	1.3 	1.3 	1.3 	1.2 	12 	9 	9 	11 	11 	12 	12 	12 	24 	24 	23 	25 	27 	27 	25 	24
26.08.2020 	14 	14 	13 	15 	18 	17 	14 	14 	1.2 	1.1 	1.1 	1.1 	1.2 	1.2 	1.2 	1.2 	12 	12 	12 	11 	11 	10 	10 	10 	23 	23 	23 	25 	26 	26 	24 	24
27.08.2020 	14 	13 	14 	15 	18 	17 	18 	13 	1.1 	1.1 	1.1 	1.2 	1.2 	1.2 	1.1 	1.1 	10 	10 	9 	9 	8 	8 	8 	8 	24 	23 	23 	25 	27 	26 	25 	24
28.08.2020 	14 	15 	14 	15 	19 	22 	21 	15 	1.1 	1.1 	1.1 	1.1 	1.1 	1.2 	1.2 	1.2 	8 	8 	8 	8 	8 	8 	7 	7 	24 	23 	23 	25 	27 	26 	25 	24
29.08.2020 	14 	16 	14 	17 	19 	24 	20 	17 	1.1 	1.1 	1.1 	1.2 	1.2 	1.3 	1.3 	1.3 	7 	7 	7 	7 	7 	7 	7 	7 	24 	23 	23 	25 	27 	26 	25 	24
30.08.2020 	18 	17 	18 	20 	22 	24 	18 	16 	1.4 	1.4 	1.5 	1.6 	1.6 	1.6 	1.5 	1.5 	6 	6 	7 	7 	7 	7 	7 	7 	24 	24 	24 	25 	26 	26 	25 	24
31.08.2020 	16 	14 	15 	18 	18 	19 	16 	18 	1.5 	1.5 	1.5 	1.6 	1.8 	2 	2.1 	1.8 	7 	7 	8 	8 	8 	8 	8 	8 	24 	24 	24 	26 	27 	27 	25 	24
01.09.2020 	18 	16 	16 	17 	20 	22 	18 	16 	1.9 	1.8 	1.8 	1.7 	1.7 	1.6 	1.5 	1.5 	8 	8 	8 	8 	8 	8 	8 	8 	24 	24 	24 	25 	26 	26 	25 	24
02.09.2020 	13 	10 	12 	12 	15 	17 	17 	12 	1.5 	1.4 	1.3 	1.3 	1.3 	1.3 	1.3 	1.3 	8 	8 	8 	8 	8 	8 	8 	9 	23 	23 	23 	25 	26 	26 	25 	24
03.09.2020 	9 	8 	10 	13 	18 	15 	15 	14 	1.3 	1.3 	1.3 	1.3 	1.4 	1.5 	1.5 	1.4 	9 	11 	11 	10 	11 	11 	11 	11 	23 	23 	23 	26 	27 	26 	25 	24
04.09.2020 	15 	15 	13 	15 	17 	18 	18 	17 	1.4 	1.4 	1.4 	1.4 	1.4 	1.3 	1.3 	1.3 	11 	11 	11 	11 	10 	10 	10 	10 	24 	23 	23 	25 	27 	26 	25 	24
05.09.2020 	16 	18 	16 	18 	20 	25 	22 	16 	1.4 	1.5 	1.5 	1.5 	1.6 	1.6 	1.6 	1.5 	10 	11 	11 	11 	11 	11 	10 	10 	24 	24 	23 	25 	26 	26 	25 	24
06.09.2020 	15 	10 	11 	17 	20 	21 	20 	17 	1.5 	1.4 	1.3 	1.3 	1.5 	1.5 	1.5 	1.5 	10 	10 	10 	10 	10 	8 	8 	8 	23 	23 	23 	25 	26 	26 	25 	24
07.09.2020 	17 	15 	14 	15 	19 	20 	20 	15 	1.4 	1.4 	1.3 	1.3 	1.3 	1.3 	1.3 	1.3 	8 	8 	8 	8 	8 	8 	8 	8 	24 	24 	24 	26 	27 	27 	25 	25
08.09.2020 	15 	14 	14 	16 	19 	16 	18 	15 	1.3 	1.3 	1.3 	1.3 	1.3 	1.4 	1.4 	1.3 	8 	8 	8 	8 	7 	7 	7 	11 	24 	24 	24 	25 	27 	26 	25 	24
09.09.2020 	16 	14 	13 	16 	20 	20 	19 	17 	1.3 	1.4 	1.4 	1.4 	1.4 	1.5 	1.5 	1.5 	13 	12 	12 	12 	11 	11 	10 	11 	24 	24 	23 	25 	25 	25 	25 	24
10.09.2020 	15 	15 	13 	15 	18 	16 	17 	15 	1.5 	1.4 	1.4 	1.3 	1.4 	1.4 	1.4 	1.3 	11 	11 	11 	11 	12 	11 	11 	11 	24 	24 	23 	25 	26 	26 	24 	24
11.09.2020 	14 	12 	14 	15 	17 	18 	16 	15 	1.3 	1.3 	1.2 	1.2 	1.3 	1.4 	1.4 	1.3 	11 	11 	11 	11 	10 	10 	10 	10 	24 	23 	24 	25 	26 	26 	25 	24
12.09.2020 	13 	10 	9 	11 	17 	19 	15 	12 	1.3 	1.3 	1.3 	1.2 	1.3 	1.3 	1.3 	1.3 	10 	10 	9 	9 	9 	9 	9 	9 	24 	23 	23 	26 	27 	26 	25 	24
13.09.2020 	12 	11 	10 	10 	12 	14 	9 	10 	1.2 	1.1 	1 	1.1 	1.1 	1.1 	1.1 	1 	9 	9 	9 	9 	10 	10 	10 	10 	23 	23 	23 	25 	26 	26 	24 	23
14.09.2020 	10 	7 	8 	11 	15 	15 	15 	13 	1 	1 	1 	1 	1 	0.9 	0.9 	0.9 	10 	10 	10 	10 	10 	10 	10 	10 	23 	23 	23 	26 	27 	26 	25 	24
15.09.2020 	12 	10 	10 	12 	16 	17 	18 	13 	0.9 	0.9 	0.8 	1 	1 	1 	1 	1 	11 	10 	10 	9 	9 	10 	9 	9 	24 	23 	23 	26 	27 	26 	25 	24
16.09.2020 	12 	13 	12 	14 	18 	18 	15 	13 	1 	1 	1 	1 	1.1 	1 	1 	1 	9 	9 	9 	9 	9 	9 	9 	8 	23 	23 	23 	25 	27 	27 	25 	23
17.09.2020 	13 	12 	12 	16 	19 	20 	17 	15 	1 	1 	1 	1 	1.1 	1.3 	1.3 	1.3 	8 	8 	9 	10 	9 	10 	10 	10 	23 	23 	23 	25 	27 	27 	26 	24
18.09.2020 	15 	15 	15 	17 	20 	14 	15 	16 	1.4 	1.4 	1.4 	1.4 	1.5 	1.6 	1.6 	1.5 	10 	9 	9 	9 	9 	9 	9 	9 	24 	23 	23 	26 	28 	27 	25 	24
19.09.2020 	15 	14 	14 	16 	18 	21 	15 	13 	1.5 	1.3 	1.3 	1.3 	1.3 	1.4 	1.4 	1.4 	9 	10 	10 	10 	11 	9 	10 	11 	24 	23 	23 	25 	27 	26 	25 	25
20.09.2020 	12 	14 	13 	16 	20 	17 	18 	16 	1.4 	1.5 	1.5 	1.4 	1.4 	1.6 	1.6 	1.5 	11 	11 	10 	11 	11 	10 	10 	10 	24 	24 	23 	25 	26 	26 	25 	24
21.09.2020 	14 	10 	9 	12 	19 	16 	17 	15 	1.5 	1.6 	1.6 	1.5 	1.5 	1.5 	1.5 	1.5 	10 	9 	9 	9 	9 	9 	9 	9 	24 	23 	23 	26 	26 	26 	24 	24
22.09.2020 	14 	12 	10 	13 	17 	15 	16 	14 	1.5 	1.3 	1.3 	1.4 	1.4 	1.4 	1.3 	1.2 	9 	9 	9 	8 	8 	8 	8 	9 	24 	23 	23 	26 	27 	26 	25 	24
23.09.2020 	13 	14 	14 	16 	18 	22 	19 	18 	1.2 	1.4 	1.5 	1.4 	1.5 	1.7 	1.9 	2 	9 	8 	15 	17 	16 	16 	16 	16 	24 	24 	24 	25 	26 	26 	26 	25
24.09.2020 	18 	17 	16 	17 	20 	19 	17 	18 	2.1 	2.2 	2.2 	2.1 	2.1 	2.1 	2.1 	1.9 	16 	16 	15 	15 	14 	14 	13 	14 	25 	24 	24 	25 	26 	25 	24 	24
25.09.2020 	16 	14 	15 	17 	20 	20 	17 	15 	2 	1.9 	1.9 	2.1 	2.1 	2 	1.9 	1.9 	13 	13 	13 	12 	12 	12 	11 	11 	24 	24 	23 	25 	26 	26 	24 	24
26.09.2020 	13 	13 	12 	13 	15 	16 	13 	14 	1.8 	1.6 	1.5 	1.6 	1.6 	1.5 	1.5 	1.4 	11 	11 	11 	10 	10 	11 	11 	11 	23 	23 	23 	25 	27 	27 	25 	24
27.09.2020 	13 	10 	8 	14 	17 	17 	16 	14 	1.3 	1.4 	1.3 	1.2 	1.2 	1.3 	1.3 	1.4 	11 	10 	10 	11 	11 	10 	10 	10 	24 	23 	23 	25 	27 	27 	26 	24
28.09.2020 	14 	12 	11 	12 	15 	14 	10 	10 	1.5 	1.4 	1.4 	1.5 	1.4 	1.3 	1.3 	1.4 	10 	8 	8 	8 	8 	9 	11 	11 	24 	24 	23 	26 	27 	26 	25 	24
29.09.2020 	9 	8 	6 	9 	11 	11 	9 	7 	1.4 	1.4 	1.4 	1.4 	1.4 	1.5 	1.5 	1.3 	11 	11 	10 	10 	10 	10 	10 	10 	24 	24 	23 	25 	26 	25 	25 	24
30.09.2020 	7 	5 	5 	7 	7 	8 	8 	7 	1.3 	1.3 	1.3 	1.6 	1.7 	1.9 	2 	1.7 	9 	9 	9 	9 	13 	13 	12 	12 	24 	23 	23 	25 	26 	26 	25 	24
01.10.2020 	7 	4 	5 	10 	13 	8 	11 	4 	1.7 	2 	2 	2 	1.9 	1.8 	1.8 	1.6 	11 	13 	13 	13 	13 	12 	12 	11 	24 	24 	24 	26 	27 	27 	27 	26
02.10.2020 	7 	5 	3 	4 	8 	9 	10 	9 	1.7 	2.2 	2.3 	2.3 	2.2 	2.2 	2.1 	1.8 	14 	14 	13 	13 	13 	13 	13 	12 	26 	26 	25 	27 	27 	26 	26 	26
03.10.2020 	10 	9 	12 	14 	17 	20 	17 	15 	1.8 	1.9 	1.9 	1.6 	1.7 	1.7 	1.6 	1.7 	12 	12 	12 	12 	12 	11 	11 	11 	25 	24 	24 	27 	28 	27 	26 	25
04.10.2020 	14 	15 	14 	16 	17 	19 	18 	14 	1.7 	1.7 	1.6 	1.6 	1.6 	1.6 	1.6 	1.6 	11 	12 	12 	12 	12 	12 	12 	11 	24 	24 	23 	26 	27 	26 	25 	24
05.10.2020 	13 	12 	11 	13 	17 	18 	16 	12 	1.7 	1.7 	1.7 	1.7 	1.7 	1.7 	1.7 	1.6 	13 	16 	16 	15 	15 	15 	15 	15 	24 	24 	24 	25 	26 	26 	25 	25
06.10.2020 	11 	9 	9 	12 	16 	17 	15 	13 	1.5 	1.6 	1.6 	1.6 	1.6 	1.5 	1.5 	1.5 	15 	14 	14 	14 	14 	14 	14 	13 	24 	24 	24 	26 	28 	27 	26 	25
07.10.2020 	13 	9 	10 	14 	18 	17 	15 	14 	1.5 	1.4 	1.4 	1.5 	1.6 	1.7 	1.7 	1.7 	13 	13 	14 	13 	13 	13 	13 	12 	24 	24 	24 	26 	27 	27 	25 	25
08.10.2020 	14 	13 	10 	13 	17 	17 	15 	14 	1.7 	1.7 	1.6 	1.4 	1.5 	1.6 	1.6 	1.6 	12 	12 	12 	12 	11 	11 	11 	11 	24 	24 	23 	26 	27 	27 	26 	24
09.10.2020 	12 	10 	8 	9 	18 	19 	17 	17 	1.6 	1.6 	1.6 	1.6 	1.6 	1.7 	1.7 	1.7 	11 	11 	10 	10 	10 	10 	10 	10 	24 	23 	23 	26 	27 	28 	26 	25
10.10.2020 	15 	16 	15 	17 	17 	17 	18 	12 	1.7 	1.7 	1.7 	1.5 	1.5 	1.6 	1.6 	1.4 	10 	9 	9 	9 	9 	9 	9 	10 	24 	24 	24 	25 	27 	27 	26 	25
11.10.2020 	13 	11 	11 	12 	15 	13 	12 	8 	1.3 	1.4 	1.3 	1.3 	1.3 	1.2 	1.2 	1.4 	10 	9 	9 	8 	9 	9 	13 	14 	24 	24 	24 	25 	27 	26 	25 	25
12.10.2020 	9 	7 	11 	16 	19 	18 	16 	16 	1.4 	1.3 	1.3 	1.6 	1.8 	1.8 	1.8 	1.5 	13 	13 	13 	12 	12 	12 	12 	12 	25 	25 	24 	26 	27 	27 	26 	25
13.10.2020 	16 	15 	16 	18 	17 	19 	14 	12 	1.5 	1.7 	1.8 	1.7 	1.8 	1.8 	1.8 	1.7 	12 	11 	11 	12 	11 	11 	11 	11 	25 	24 	24 	26 	27 	26 	26 	25
14.10.2020 	8 	5 	3 	3 	9 	9 	6 	5 	1.7 	1.6 	1.5 	1.3 	1.3 	1.4 	1.3 	1.3 	11 	10 	10 	10 	10 	10 	10 	10 	24 	24 	24 	26 	27 	26 	25 	25
15.10.2020 	4 	2 	4 	4 	11 	10 	10 	8 	1.3 	1.2 	1.2 	1.2 	1.2 	1.2 	1.2 	1.2 	10 	10 	10 	10 	10 	10 	10 	10 	24 	24 	24 	26 	28 	26 	25 	25
16.10.2020 	7 	6 	6 	5 	10 	11 	8 	4 	1.2 	1.2 	1.4 	1.5 	1.6 	1.6 	1.6 	1.6 	10 	11 	11 	11 	11 	10 	10 	10 	25 	24 	24 	26 	27 	27 	26 	25
17.10.2020 	6 	5 	9 	8 	14 	10 	5 	6 	1.6 	1.4 	1.5 	1.5 	1.6 	1.8 	1.8 	1.8 	10 	11 	11 	11 	11 	11 	11 	11 	25 	24 	24 	26 	27 	27 	26 	25
18.10.2020 	4 	8 	10 	10 	15 	12 	11 	11 	1.8 	1.8 	1.8 	1.5 	1.5 	1.5 	1.5 	1.7 	11 	11 	11 	11 	11 	11 	11 	10 	25 	24 	24 	26 	27 	26 	25 	25
19.10.2020 	11 	12 	12 	12 	15 	13 	13 	10 	1.6 	1.6 	1.6 	1.6 	1.6 	1.4 	1.4 	1.5 	10 	10 	10 	10 	10 	10 	10 	10 	25 	24 	24 	26 	27 	26 	25 	25
20.10.2020 	10 	8 	9 	8 	13 	13 	10 	8 	1.5 	1.5 	1.5 	1.5 	1.5 	1.3 	1.2 	1.2 	10 	10 	10 	10 	11 	11 	11 	11 	25 	24 	24 	26 	27 	27 	26 	25
21.10.2020 	8 	6 	7 	7 	12 	11 	10 	7 	1.2 	1.1 	1.1 	1.3 	1.3 	1.2 	1.2 	1.2 	10 	10 	10 	10 	10 	10 	10 	10 	24 	24 	24 	26 	27 	26 	25 	25
22.10.2020 	4 	5 	4 	3 	10 	10 	11 	8 	1.2 	1.2 	1.2 	1.2 	1.2 	1 	1 	1.2 	10 	10 	9 	9 	9 	10 	10 	9 	24 	24 	23 	26 	27 	26 	25 	25
23.10.2020 	6 	3 	2 	2 	10 	9 	9 	7 	1.2 	1.2 	1.1 	1.1 	1.1 	0.9 	0.9 	0.9 	9 	9 	9 	9 	9 	9 	8 	9 	24 	24 	24 	26 	27 	27 	26 	25
24.10.2020 	5 	2 	2 	4 	12 	15 	16 	12 	1 	1.2 	1.2 	1.1 	1.3 	1.3 	1.4 	1.6 	9 	8 	8 	8 	8 	8 	8 	15 	25 	24 	24 	26 	26 	27 	25 	25
25.10.2020 	8 	10 	12 	13 	17 	18 	15 	14 	1.7 	1.9 	1.9 	1.7 	1.8 	1.9 	2 	1.8 	18 	17 	16 	14 	14 	14 	14 	13 	25 	24 	25 	26 	27 	27 	26 	26
26.10.2020 	11 	9 	11 	11 	17 	13 	13 	12 	1.8 	2.1 	2.1 	1.8 	1.8 	2.1 	2.1 	1.7 	14 	13 	13 	12 	13 	13 	12 	13 	25 	25 	24 	26 	26 	26 	25 	25
27.10.2020 	7 	5 	4 	5 	7 	4 	6 	5 	1.7 	1.7 	1.6 	1.8 	1.7 	1.7 	1.6 	1.6 	12 	12 	12 	12 	11 	11 	11 	11 	25 	25 	25 	26 	26 	26 	25 	25
28.10.2020 	6 	0 	3 	6 	7 	10 	10 	8 	1.5 	1.3 	1.2 	1.2 	1.2 	1.2 	1.1 	1.3 	11 	11 	11 	11 	11 	11 	11 	10 	25 	24 	24 	26 	27 	27 	25 	25
29.10.2020 	7 	6 	6 	7 	5 	5 	3 	6 	1.2 	1 	1.1 	1.2 	1.2 	1.3 	1.3 	1.4 	10 	10 	10 	10 	10 	9 	9 	10 	25 	24 	24 	25 	26 	26 	25 	25
30.10.2020 	6 	9 	10 	11 	14 	11 	10 	11 	1.5 	1.6 	1.7 	1.8 	1.8 	1.8 	1.8 	1.6 	11 	11 	11 	10 	10 	11 	10 	11 	25 	24 	24 	26 	27 	27 	25 	24
31.10.2020 	12 	10 	8 	6 	8 	4 	4 	2 	1.5 	1.6 	1.6 	1.6 	1.5 	1.3 	1.3 	1.3 	11 	10 	10 	10 	10 	10 	10 	10 	24 	24 	24 	25 	26 	25 	25 	24
01.11.2020 	3 	2 	2 	4 	7 	6 	5 	5 	1.3 	1.4 	1.4 	1.6 	1.6 	1.6 	1.6 	1.6 	17 	16 	16 	16 	15 	14 	14 	14 	24 	23 	23 	25 	25 	25 	24 	24
02.11.2020 	8 	9 	9 	13 	14 	15 	15 	13 	1.7 	1.7 	1.8 	1.8 	1.9 	1.9 	1.9 	2 	13 	13 	13 	13 	13 	13 	13 	13 	24 	24 	23 	24 	26 	26 	25 	25
03.11.2020 	11 	12 	11 	16 	16 	14 	14 	15 	2 	2 	2 	1.7 	1.7 	1.9 	1.9 	1.9 	13 	13 	13 	13 	13 	13 	13 	12 	25 	24 	24 	26 	28 	26 	25 	25
04.11.2020 	14 	15 	13 	11 	15 	14 	12 	10 	1.9 	1.7 	1.7 	1.8 	1.8 	1.7 	1.7 	1.7 	12 	12 	12 	12 	11 	11 	11 	16 	25 	24 	25 	26 	27 	26 	25 	25
05.11.2020 	10 	12 	15 	14 	16 	21 	16 	18 	1.6 	1.7 	1.8 	1.9 	2 	2 	2.1 	1.8 	15 	15 	15 	14 	14 	13 	13 	13 	25 	24 	24 	26 	28 	26 	26 	25
06.11.2020 	17 	15 	15 	16 	16 	15 	13 	12 	1.8 	2.1 	2.1 	2.1 	2.1 	2.2 	2.2 	1.9 	13 	13 	13 	13 	13 	12 	12 	12 	25 	24 	24 	25 	27 	26 	25 	25
07.11.2020 	15 	16 	16 	16 	18 	15 	15 	16 	1.8 	1.9 	2 	2 	2 	2.2 	2.2 	2.1 	12 	11 	10 	8 	8 	8 	8 	8 	25 	24 	24 	25 	26 	26 	24 	24
08.11.2020 	16 	16 	17 	18 	21 	19 	17 	19 	2.1 	2.1 	2.1 	2.1 	2.1 	2.2 	2.1 	1.9 	9 	9 	9 	9 	9 	9 	9 	9 	24 	24 	23 	24 	26 	26 	24 	24
09.11.2020 	18 	16 	16 	19 	20 	17 	18 	17 	2 	2.2 	2.1 	2.2 	2.5 	2.6 	2.4 	2.2 	9 	9 	9 	9 	9 	9 	9 	9 	24 	24 	24 	26 	26 	26 	24 	24
10.11.2020 	15 	17 	18 	18 	19 	24 	21 	21 	2.1 	2.1 	2.1 	2.2 	2.3 	2.3 	2.3 	2.3 	9 	9 	9 	9 	9 	9 	9 	9 	24 	24 	24 	24 	26 	25 	24 	24
11.11.2020 	19 	17 	20 	22 	21 	21 	17 	22 	2.4 	2.5 	2.4 	2.4 	2.5 	2.6 	2.4 	2.6 	9 	9 	9 	9 	9 	9 	9 	9 	24 	23 	23 	24 	25 	25 	24 	24
12.11.2020 	20 	21 	18 	20 	19 	23 	19 	19 	2.6 	2.6 	2.5 	2.4 	2.4 	2.4 	2.3 	2.3 	9 	9 	9 	9 	9 	9 	9 	9 	23 	23 	23 	24 	24 	24 	23 	23
13.11.2020 	19 	17 	16 	17 	22 	20 	18 	18 	2.4 	2.3 	2.2 	2.2 	2.2 	2.3 	2.4 	2.3 	8 	8 	8 	8 	8 	9 	18 	10 	23 	23 	23 	24 	25 	24 	23 	23
14.11.2020 	17 	15 	15 	17 	16 	15 	13 	14 	2.3 	2.2 	2.2 	1.9 	2 	2.1 	2.1 	2 	17 	16 	16 	14 	14 	14 	14 	14 	23 	23 	23 	24 	26 	24 	24 	24
15.11.2020 	12 	8 	9 	8 	12 	12 	10 	10 	1.9 	1.8 	1.8 	1.7 	1.6 	1.6 	1.5 	1.4 	13 	11 	13 	13 	10 	12 	12 	12 	24 	23 	23 	25 	25 	25 	24 	23
16.11.2020 	9 	7 	7 	9 	15 	13 	14 	12 	1.4 	1.4 	1.3 	1.3 	1.3 	1.2 	1.2 	1.3 	12 	9 	10 	11 	11 	9 	9 	8 	23 	23 	23 	25 	25 	25 	24 	23
17.11.2020 	12 	13 	13 	14 	16 	18 	14 	15 	1.3 	1.4 	1.4 	1.2 	1.4 	1.7 	1.8 	1.8 	8 	8 	8 	10 	10 	9 	9 	9 	23 	23 	24 	25 	26 	26 	24 	24
18.11.2020 	15 	13 	11 	19 	16 	17 	16 	16 	1.8 	1.8 	1.9 	2 	2 	1.8 	1.7 	1.7 	9 	9 	9 	8 	7 	8 	9 	9 	24 	24 	23 	24 	24 	25 	24 	23
19.11.2020 	15 	15 	14 	15 	18 	18 	15 	17 	1.6 	1.6 	1.6 	1.8 	1.8 	1.8 	1.9 	1.7 	9 	15 	16 	17 	16 	16 	15 	13 	23 	23 	23 	24 	25 	24 	23 	23
20.11.2020 	15 	17 	19 	20 	20 	22 	18 	20 	1.7 	1.8 	1.9 	2.3 	2.2 	1.9 	1.9 	2 	13 	13 	13 	13 	13 	12 	12 	12 	23 	24 	24 	24 	25 	25 	24 	24
21.11.2020 	21 	21 	23 	23 	22 	23 	22 	24 	2.1 	2 	2.2 	2.5 	2.5 	2.4 	2.5 	2.4 	7 	7 	7 	7 	7 	8 	8 	8 	24 	24 	24 	24 	24 	25 	24 	24
22.11.2020 	25 	25 	23 	24 	24 	25 	25 	24 	2.6 	3.1 	3.1 	2.8 	2.8 	3.1 	3.1 	3.2 	8 	8 	8 	9 	9 	9 	9 	9 	24 	23 	23 	24 	24 	24 	24 	24
23.11.2020 	23 	19 	20 	21 	20 	21 	21 	20 	3.2 	3.1 	2.9 	2.6 	2.5 	2.5 	2.5 	2.7 	9 	9 	9 	9 	9 	9 	9 	9 	24 	23 	23 	24 	25 	24 	24 	24
24.11.2020 	19 	19 	19 	19 	19 	21 	19 	18 	2.7 	2.8 	2.8 	2.6 	2.5 	2.4 	2.3 	2.3 	9 	9 	9 	9 	9 	9 	9 	9 	24 	23 	23 	24 	25 	24 	23 	24
25.11.2020 	17 	14 	14 	16 	17 	17 	17 	17 	2.3 	2.1 	2 	2 	2.1 	2.1 	2.2 	1.9 	9 	9 	9 	9 	9 	9 	9 	9 	24 	23 	23 	25 	26 	25 	23 	24
26.11.2020 	16 	15 	17 	18 	19 	19 	15 	14 	1.9 	2 	2 	2 	2 	2 	1.9 	1.9 	9 	9 	9 	9 	11 	12 	12 	11 	23 	23 	23 	24 	25 	24 	23 	22
27.11.2020 	14 	13 	14 	15 	14 	15 	11 	12 	1.9 	1.9 	1.8 	1.8 	1.8 	1.8 	1.8 	1.8 	11 	11 	9 	9 	8 	8 	8 	8 	22 	22 	22 	23 	24 	23 	22 	23
28.11.2020 	11 	11 	8 	10 	12 	13 	10 	10 	1.8 	1.6 	1.6 	1.8 	1.9 	1.8 	1.8 	2.1 	14 	13 	13 	14 	13 	13 	10 	9 	22 	22 	22 	23 	24 	23 	22 	22
29.11.2020 	9 	9 	9 	10 	13 	13 	10 	11 	2.1 	2 	2 	2 	2 	2 	1.9 	2 	10 	10 	11 	12 	12 	12 	12 	10 	22 	22 	22 	23 	24 	23 	22 	22
30.11.2020 	13 	11 	9 	9 	11 	8 	5 	4 	2 	2 	2 	1.9 	1.9 	1.8 	1.8 	1.6 	9 	15 	15 	14 	14 	13 	13 	12 	22 	21 	21 	23 	24 	24 	22 	22
01.12.2020 	4 	4 	3 	5 	8 	8 	8 	9 	1.6 	1.7 	1.7 	1.7 	1.8 	2 	2.5 	2.9 	14 	15 	14 	14 	25 	24 	22 	21 	21 	21 	21 	23 	24 	24 	22 	22
02.12.2020 	11 	10 	10 	10 	14 	15 	12 	10 	3.5 	3.3 	3.6 	4.3 	4.2 	4 	3.7 	3.5 	20 	19 	19 	18 	18 	17 	17 	16 	22 	21 	21 	24 	25 	24 	23 	23
03.12.2020 	10 	9 	10 	11 	13 	13 	11 	10 	3.3 	3.1 	2.9 	2.7 	2.6 	2.5 	2.4 	2.3 	16 	15 	15 	15 	14 	14 	14 	14 	23 	23 	23 	24 	26 	25 	24 	23
04.12.2020 	11 	11 	14 	18 	23 	22 	20 	20 	2.2 	2.1 	2 	2.1 	2.2 	2.1 	2.1 	2.3 	13 	13 	13 	13 	12 	11 	11 	12 	23 	23 	23 	24 	25 	25 	24 	24
05.12.2020 	18 	15 	15 	16 	18 	19 	14 	10 	2.3 	2.3 	2.3 	2.4 	2.5 	2.7 	2.6 	2.2 	12 	12 	12 	12 	13 	13 	13 	12 	23 	23 	23 	25 	27 	26 	24 	23
06.12.2020 	10 	8 	6 	6 	13 	15 	15 	12 	2.1 	2.4 	2.3 	2 	2.1 	2.3 	2.7 	2.8 	12 	13 	13 	12 	20 	20 	18 	17 	23 	23 	22 	25 	26 	26 	24 	24
07.12.2020 	10 	10 	9 	13 	17 	17 	18 	16 	2.8 	3.3 	3.2 	3.1 	3 	3 	2.9 	2.5 	17 	17 	16 	15 	15 	15 	14 	15 	23 	23 	23 	25 	26 	25 	24 	24
08.12.2020 	14 	12 	15 	16 	20 	21 	16 	15 	2.4 	2.6 	2.5 	2.5 	2.7 	2.8 	2.8 	2.7 	13 	14 	13 	13 	13 	13 	14 	14 	23 	23 	23 	24 	26 	26 	24 	23
09.12.2020 	14 	11 	11 	10 	11 	13 	14 	12 	2.6 	2.5 	2.4 	2.3 	2.2 	2.1 	2 	1.9 	14 	13 	13 	13 	13 	13 	12 	12 	23 	23 	22 	25 	26 	25 	24 	23
10.12.2020 	7 	6 	8 	13 	15 	14 	13 	11 	1.9 	1.8 	1.8 	1.7 	1.8 	1.6 	1.7 	1.8 	12 	12 	12 	12 	11 	10 	9 	9 	22 	22 	22 	24 	26 	25 	24 	23
11.12.2020 	11 	11 	11 	11 	15 	17 	14 	16 	1.7 	1.6 	1.6 	1.5 	1.5 	1.5 	1.5 	1.5 	9 	10 	10 	10 	9 	10 	9 	9 	23 	22 	22 	24 	26 	25 	23 	23
12.12.2020 	16 	13 	18 	19 	19 	21 	19 	17 	1.5 	1.6 	1.6 	1.6 	1.7 	1.9 	2 	2.2 	9 	9 	9 	9 	9 	9 	10 	11 	22 	22 	23 	23 	25 	25 	23 	23
13.12.2020 	15 	11 	10 	4 	11 	12 	9 	10 	2.3 	2.2 	2.2 	1.8 	1.8 	1.8 	1.8 	2.1 	11 	11 	10 	10 	15 	14 	14 	15 	23 	23 	23 	24 	26 	24 	24 	23
14.12.2020 	13 	14 	15 	16 	17 	19 	15 	14 	2.1 	2.1 	2.1 	2.1 	2.1 	2.2 	2.2 	2.1 	14 	14 	14 	14 	14 	14 	14 	14 	23 	23 	23 	24 	26 	25 	24 	23
15.12.2020 	14 	13 	15 	15 	16 	16 	14 	15 	2.1 	1.9 	1.9 	2.2 	2.2 	2.2 	2.2 	2.2 	14 	13 	13 	13 	13 	13 	12 	12 	23 	23 	23 	25 	26 	25 	24 	23
16.12.2020 	16 	16 	17 	16 	16 	15 	13 	12 	2.2 	2.2 	2.2 	2.1 	2 	2 	1.9 	1.9 	12 	12 	12 	12 	11 	11 	10 	18 	23 	23 	23 	24 	25 	25 	23 	23
17.12.2020 	13 	10 	12 	12 	23 	18 	18 	18 	2 	1.9 	1.9 	1.9 	2.1 	2.1 	2.3 	2.5 	18 	16 	15 	15 	14 	14 	13 	15 	22 	22 	22 	24 	26 	24 	22 	21
18.12.2020 	19 	18 	20 	22 	22 	22 	21 	20 	2.6 	2.6 	2.7 	2.7 	2.8 	2.9 	2.8 	2.7 	14 	14 	14 	15 	10 	10 	10 	10 	22 	21 	21 	23 	24 	23 	21 	21
19.12.2020 	20 	19 	20 	19 	20 	23 	17 	14 	2.7 	2.7 	2.6 	2.5 	2.5 	2.7 	2.6 	2.2 	10 	9 	9 	9 	9 	9 	9 	9 	22 	22 	22 	23 	25 	25 	23 	22
20.12.2020 	14 	15 	14 	16 	20 	20 	17 	14 	2.1 	2.3 	2.3 	2 	2.1 	2.3 	2.3 	2.4 	9 	10 	15 	14 	13 	14 	14 	14 	22 	22 	22 	23 	24 	26 	23 	22
21.12.2020 	15 	14 	13 	16 	16 	18 	13 	13 	2.3 	2.3 	2.3 	2 	2 	1.9 	1.9 	2.1 	14 	13 	13 	13 	13 	12 	12 	13 	22 	21 	21 	22 	24 	24 	22 	22
22.12.2020 	11 	6 	7 	6 	13 	13 	12 	7 	2 	1.7 	1.6 	1.6 	1.5 	1.7 	1.7 	1.6 	13 	13 	13 	13 	13 	13 	12 	12 	21 	20 	20 	24 	26 	26 	24 	21
23.12.2020 	4 	6 	1 	4 	10 	11 	8 	6 	1.7 	1.7 	1.7 	1.8 	1.9 	2.1 	2.3 	2.5 	11 	10 	16 	19 	18 	18 	17 	17 	21 	20 	20 	23 	26 	24 	23 	21
24.12.2020 	5 	6 	7 	8 	14 	14 	12 	10 	2.6 	2.7 	2.7 	2.7 	2.6 	2.5 	2.4 	2 	16 	16 	16 	15 	15 	15 	15 	15 	21 	20 	20 	23 	26 	24 	22 	21
25.12.2020 	10 	9 	10 	9 	14 	17 	16 	13 	2 	2.4 	2.5 	2.1 	2.1 	2.4 	2.3 	2.2 	15 	15 	15 	14 	14 	14 	14 	14 	21 	20 	20 	23 	25 	25 	22 	21
26.12.2020 	13 	12 	11 	13 	20 	29 	28 	20 	2.2 	2.2 	2.2 	2.2 	2.4 	2.6 	3.1 	2.9 	13 	13 	13 	13 	13 	10 	9 	9 	21 	20 	20 	23 	25 	23 	20 	22
27.12.2020 	17 	17 	17 	18 	17 	15 	12 	12 	2.7 	2.6 	2.5 	2.7 	2.8 	2.8 	2.7 	2.5 	9 	9 	9 	9 	9 	9 	9 	9 	22 	21 	21 	23 	26 	26 	23 	22
28.12.2020 	11 	9 	10 	4 	13 	12 	8 	10 	2.5 	2.4 	2.4 	2.4 	2.3 	2.3 	2.3 	2.4 	9 	9 	9 	9 	9 	9 	11 	22 	22 	21 	21 	24 	26 	27 	24 	22
29.12.2020 	8 	9 	10 	9 	14 	14 	15 	13 	2.6 	2.8 	2.9 	3 	3 	2.8 	3 	3.5 	21 	20 	19 	18 	17 	15 	15 	16 	22 	21 	21 	24 	28 	27 	23 	22
30.12.2020 	11 	10 	12 	11 	15 	24 	20 	14 	3.5 	3.4 	3.4 	2.8 	2.8 	3.2 	3.1 	3.1 	16 	16 	16 	15 	15 	16 	16 	16 	21 	20 	20 	23 	25 	24 	22 	21
31.12.2020 	15 	15 	16 	19 	19 	20 	19 	18 	3 	3 	3 	3 	3.2 	3 	3.2 	3.2 	15 	15 	15 	15 	18 	17 	17 	16 	21 	21 	21 	22 	23 	23 	21 	21 
